# 
# Wavefront OBJ file
# Created with Kaydara FBX
# 
mtllib jockey.mtl

g jockey_body
v -0.068187 2.459573 0.630426
v -0.035260 2.466538 0.670154
v -0.021956 2.494595 0.636896
v -0.041024 2.491355 0.605005
v -0.081158 2.454087 0.577865
v -0.048009 2.490894 0.578272
v -0.060979 2.456255 0.525125
v -0.032265 2.492818 0.554248
v -0.000003 2.494648 0.540424
v -0.000002 2.459281 0.495912
v -0.075948 2.416356 0.639981
v -0.037921 2.429523 0.685600
v -0.056029 2.398792 0.675542
v -0.033512 2.402746 0.693295
v -0.092688 2.395625 0.579019
v -0.080593 2.371559 0.625748
v -0.077146 2.375345 0.641126
v -0.092466 2.410722 0.578213
v -0.067964 2.415509 0.516544
v -0.000002 2.369932 0.481423
v -0.067124 2.365696 0.515282
v -0.068075 2.409087 0.516082
v -0.000002 2.415468 0.479951
v -0.090720 2.360280 0.581015
v -0.076175 2.347007 0.539045
v -0.000002 2.335847 0.493778
v -0.054411 2.336121 0.517705
v -0.065295 2.382513 0.659805
v -0.000002 2.331782 0.508351
v -0.043853 2.332487 0.526900
v -0.000002 2.421230 0.480177
v -0.070249 2.345436 0.547527
v -0.076499 2.357910 0.586356
v -0.000004 2.467211 0.680813
v -0.000004 2.496111 0.644246
v -0.000005 2.402909 0.701273
v -0.000005 2.431182 0.696834
v -0.000003 2.505483 0.586217
v -0.056892 2.396706 0.709661
v -0.037283 2.399682 0.727825
v -0.000005 2.399487 0.737520
v -0.056892 2.395629 0.709639
v -0.047410 2.395785 0.675051
v -0.025000 2.399784 0.690541
v -0.037499 2.398176 0.727687
v -0.065187 2.380458 0.660195
v -0.000005 2.400019 0.694965
v -0.000005 2.398304 0.737388
v -0.073159 2.370970 0.638991
v -0.047410 2.380029 0.681523
v -0.025000 2.379289 0.696919
v -0.000005 2.379523 0.701342
v -0.064325 2.306824 0.635008
v -0.068203 2.345938 0.635147
v -0.073698 2.345749 0.612406
v -0.068526 2.305010 0.607277
v -0.064244 2.283788 0.578627
v -0.060847 2.276961 0.614607
v -0.072835 2.306833 0.582528
v -0.057753 2.279620 0.637371
v -0.039269 2.241902 0.623753
v -0.037605 2.250622 0.643255
v -0.000373 2.230732 0.626604
v -0.000070 2.241056 0.646411
v -0.044609 2.380181 0.673983
v -0.025000 2.379423 0.690240
v -0.058938 2.380564 0.654917
v -0.000005 2.379658 0.694663
v -0.067449 2.371028 0.636082
v -0.073590 2.368978 0.630869
v -0.092799 2.388741 0.579435
v -0.082640 2.369364 0.616975
v -0.072082 2.354180 0.643287
v -0.074129 2.363332 0.643687
v -0.064002 2.340549 0.651311
v -0.058292 2.338813 0.667979
v -0.059692 2.348776 0.676262
v -0.030172 2.340009 0.688910
v -0.031465 2.347381 0.692075
v -0.061632 2.364273 0.677327
v -0.032542 2.364142 0.694567
v -0.007331 2.346730 0.697666
v -0.000005 2.364044 0.699415
v -0.070682 2.372929 0.648729
v -0.063248 2.374016 0.664376
v -0.032542 2.373740 0.694221
v -0.000005 2.373655 0.698422
v -0.000005 2.347702 0.697578
v 0.068179 2.459573 0.630428
v 0.041017 2.491355 0.605007
v 0.021948 2.494595 0.636897
v 0.035251 2.466538 0.670155
v 0.081152 2.454087 0.577867
v 0.048002 2.490894 0.578273
v 0.060974 2.456255 0.525127
v 0.032259 2.492818 0.554248
v 0.037912 2.429523 0.685601
v 0.075940 2.416356 0.639983
v 0.033503 2.402746 0.693296
v 0.056020 2.398792 0.675544
v 0.077138 2.375345 0.641128
v 0.080586 2.371559 0.625750
v 0.092682 2.395625 0.579021
v 0.092460 2.410722 0.578215
v 0.067959 2.415509 0.516546
v 0.068070 2.409087 0.516084
v 0.067120 2.365696 0.515284
v 0.090714 2.360281 0.581018
v 0.076170 2.347007 0.539047
v 0.054406 2.336121 0.517707
v 0.065286 2.382513 0.659807
v 0.043849 2.332470 0.526970
v 0.076492 2.357910 0.586358
v 0.070244 2.345436 0.547529
v 0.056882 2.396706 0.709662
v 0.037273 2.399682 0.727826
v 0.056882 2.395629 0.709641
v 0.037488 2.398176 0.727688
v 0.024991 2.399784 0.690542
v 0.047401 2.395785 0.675052
v 0.065179 2.380458 0.660197
v 0.073152 2.370970 0.638993
v 0.024991 2.379289 0.696919
v 0.047401 2.380029 0.681525
v 0.064317 2.306824 0.635010
v 0.068519 2.305010 0.607279
v 0.073691 2.345749 0.612408
v 0.068196 2.345938 0.635149
v 0.063673 2.285049 0.578709
v 0.072829 2.306908 0.582532
v 0.060762 2.277382 0.614698
v 0.057745 2.279620 0.637373
v 0.038464 2.244782 0.625592
v 0.037603 2.249935 0.642927
v 0.024991 2.379423 0.690241
v 0.044600 2.380181 0.673984
v 0.058930 2.380564 0.654918
v 0.067441 2.371028 0.636084
v 0.073583 2.368978 0.630870
v 0.092793 2.388741 0.579437
v 0.082633 2.369364 0.616977
v 0.074121 2.363332 0.643688
v 0.072074 2.354180 0.643289
v 0.059684 2.348776 0.676263
v 0.058283 2.338813 0.667981
v 0.063993 2.340549 0.651313
v 0.031455 2.347381 0.692076
v 0.030163 2.340009 0.688910
v 0.061623 2.364273 0.677329
v 0.032533 2.364142 0.694568
v 0.007322 2.346730 0.697666
v 0.070673 2.372929 0.648730
v 0.063239 2.374016 0.664378
v 0.032533 2.373740 0.694222
v -0.080593 2.371559 0.625748
v -0.082640 2.369364 0.616975
v 0.082633 2.369364 0.616977
v 0.080586 2.371559 0.625750
v -0.080593 2.371559 0.625748
v -0.076499 2.357910 0.586356
v -0.073159 2.370970 0.638991
v -0.072082 2.354180 0.643287
v 0.080586 2.371559 0.625750
v 0.076492 2.357910 0.586358
v 0.073152 2.370970 0.638993
v 0.072074 2.354180 0.643289
v -0.043853 2.332412 0.526899
v -0.070249 2.345360 0.547525
v 0.043849 2.332470 0.526970
v 0.070244 2.345436 0.547529
v -0.000005 2.353842 0.692198
v -0.000005 2.362593 0.695654
v -0.000005 2.281669 0.685697
v -0.000336 2.235765 0.627773
v -0.000005 2.286283 0.691337
v -0.000005 2.295488 0.693601
v -0.000002 2.331835 0.508334
v -0.000165 2.288009 0.526324
v -0.000004 2.256704 0.683638
v -0.043805 2.332491 0.526928
v -0.040304 2.279052 0.659613
v -0.028900 2.258702 0.670625
v -0.049979 2.268083 0.628785
v -0.072193 2.352605 0.606347
v -0.055012 2.227565 0.581249
v -0.058716 2.247167 0.548287
v -0.054141 2.276829 0.562709
v -0.076463 2.357938 0.586393
v -0.025035 2.379427 0.690290
v -0.000005 2.370040 0.697623
v -0.024729 2.370388 0.694622
v -0.014870 2.344437 0.684792
v -0.009608 2.331971 0.695512
v -0.017308 2.325299 0.686938
v -0.014351 2.279195 0.683835
v -0.039595 2.213191 0.599926
v -0.049747 2.268178 0.602745
v -0.029763 2.317438 0.680335
v -0.053283 2.305574 0.647774
v -0.045532 2.336868 0.669783
v -0.062647 2.354088 0.639641
v -0.058927 2.380564 0.654966
v -0.062264 2.326868 0.640364
v -0.067743 2.315250 0.606536
v -0.076340 2.348594 0.582001
v -0.035889 2.245689 0.618805
v -0.075521 2.318612 0.599177
v -0.082379 2.323336 0.581048
v -0.025421 2.289708 0.677056
v -0.013079 2.297198 0.689701
v -0.050944 2.363273 0.668625
v -0.012499 2.363162 0.695083
v -0.029504 2.353882 0.677568
v -0.037440 2.368423 0.685557
v -0.056139 2.306898 0.567878
v -0.070302 2.345446 0.547570
v -0.011189 2.312323 0.687013
v -0.064210 2.317273 0.569651
v -0.070165 2.316777 0.589494
v -0.060362 2.287525 0.604424
v -0.074720 2.346188 0.604148
v -0.081026 2.358342 0.590691
v -0.085212 2.343536 0.576479
v -0.085852 2.350674 0.590686
v -0.082124 2.341913 0.571630
v -0.079976 2.313489 0.579754
v -0.007570 2.320099 0.707971
v -0.000005 2.314226 0.708364
v -0.017691 2.316904 0.684708
v -0.078165 2.338593 0.598165
v -0.078413 2.306433 0.585602
v -0.072489 2.305084 0.600757
v -0.073579 2.333185 0.579668
v -0.014165 2.353342 0.683754
v -0.084331 2.358661 0.581874
v -0.085037 2.357502 0.591323
v -0.049055 2.352620 0.662717
v -0.000005 2.310713 0.693553
v -0.012710 2.286757 0.688738
v -0.011160 2.291426 0.684132
v -0.000005 2.291358 0.689326
v -0.031200 2.286494 0.534835
v -0.014038 2.256929 0.681216
v -0.013239 2.262347 0.685152
v -0.044578 2.380166 0.673997
v -0.000005 2.261953 0.688075
v -0.035967 2.315317 0.534697
v -0.000005 2.320134 0.712383
v -0.000005 2.379681 0.694713
v -0.000037 2.315998 0.522527
v -0.000005 2.335016 0.703039
v -0.038226 2.260334 0.652858
v -0.000004 2.249559 0.664586
v -0.043805 2.332491 0.526928
v -0.067482 2.371025 0.636099
v 0.040295 2.279052 0.659614
v 0.038218 2.260334 0.652859
v 0.028891 2.258702 0.670626
v 0.051754 2.226387 0.583297
v 0.048932 2.269303 0.603322
v 0.052286 2.279055 0.563115
v 0.055655 2.247658 0.551968
v 0.025026 2.379427 0.690291
v 0.024720 2.370388 0.694622
v 0.014861 2.344437 0.684792
v 0.017299 2.325299 0.686938
v 0.009599 2.331971 0.695512
v 0.025412 2.289708 0.677057
v 0.013230 2.262347 0.685152
v 0.014342 2.279195 0.683835
v 0.034926 2.247764 0.620149
v 0.062639 2.354088 0.639643
v 0.072186 2.352605 0.606349
v 0.067736 2.315251 0.606538
v 0.062256 2.326868 0.640365
v 0.076457 2.357939 0.586395
v 0.076334 2.348594 0.582003
v 0.049972 2.268059 0.628784
v 0.049046 2.352620 0.662718
v 0.050935 2.363273 0.668627
v 0.012490 2.363162 0.695083
v 0.037431 2.368423 0.685558
v 0.029495 2.353882 0.677569
v 0.055922 2.307477 0.567604
v 0.070297 2.345446 0.547572
v 0.013070 2.297198 0.689701
v 0.011180 2.312323 0.687013
v 0.029754 2.317438 0.680336
v 0.064204 2.317273 0.569653
v 0.060311 2.287735 0.604439
v 0.070159 2.316777 0.589496
v 0.053275 2.305574 0.647776
v 0.045524 2.336868 0.669784
v 0.074713 2.346188 0.604150
v 0.081019 2.358342 0.590693
v 0.085206 2.343536 0.576481
v 0.082373 2.323336 0.581050
v 0.085845 2.350674 0.590688
v 0.043802 2.332473 0.526998
v 0.043802 2.332473 0.526998
v 0.007560 2.320099 0.707971
v 0.017682 2.316904 0.684708
v 0.078158 2.338593 0.598167
v 0.075514 2.318612 0.599179
v 0.078406 2.306433 0.585604
v 0.072482 2.305084 0.600759
v 0.073573 2.333185 0.579670
v 0.014156 2.353342 0.683755
v 0.085030 2.357502 0.591325
v 0.082118 2.341913 0.571632
v 0.079969 2.313489 0.579756
v 0.012701 2.286757 0.688738
v 0.011151 2.291426 0.684132
v 0.030244 2.286932 0.534160
v 0.035953 2.314949 0.535832
v 0.014029 2.256929 0.681216
v 0.058919 2.380564 0.654968
v 0.084324 2.358661 0.581877
v 0.044570 2.380166 0.673998
v 0.067474 2.371025 0.636100
v -0.220673 2.127372 0.514459
v -0.202193 2.116742 0.472028
v -0.202272 2.052464 0.494437
v -0.219578 2.066691 0.536116
v -0.169876 2.094536 0.592401
v -0.208788 2.086079 0.575993
v -0.197679 2.042895 0.593029
v -0.155621 2.046463 0.608111
v -0.154322 2.071367 0.458995
v -0.152279 1.997065 0.518075
v -0.194095 2.008257 0.530582
v -0.109823 1.943057 0.609488
v -0.107499 2.025790 0.560945
v -0.120338 2.038529 0.593703
v -0.120794 1.954593 0.640414
v -0.149002 2.122341 0.557295
v -0.164801 2.120482 0.569018
v -0.138553 2.098204 0.554838
v -0.138530 2.065777 0.530452
v -0.074870 1.847908 0.855385
v -0.064332 1.847063 0.853987
v -0.054304 1.864945 0.854760
v -0.064404 1.871819 0.858131
v -0.104586 1.849731 0.732544
v -0.138036 1.876236 0.653204
v -0.110763 1.889783 0.640575
v -0.082301 1.862135 0.725102
v -0.136056 1.887112 0.759800
v -0.128713 1.860676 0.747201
v -0.077140 1.825695 0.846328
v -0.070340 1.823589 0.851363
v -0.119964 1.911210 0.760874
v -0.208532 2.027451 0.563243
v -0.125084 2.002676 0.530172
v -0.128639 2.096638 0.433701
v -0.126792 2.085499 0.494104
v -0.207965 2.132725 0.552063
v -0.129959 1.919250 0.585334
v -0.157490 1.917815 0.579699
v -0.191840 1.928996 0.592055
v -0.205433 1.948911 0.621532
v -0.170928 1.954349 0.655622
v -0.145249 1.962422 0.654711
v -0.105127 1.934606 0.617634
v -0.095830 1.925244 0.629671
v -0.125181 1.895448 0.609286
v -0.155221 1.886709 0.609028
v -0.175441 1.889100 0.661800
v -0.192493 1.903428 0.616842
v -0.187005 1.922777 0.668776
v -0.194324 1.933408 0.644026
v -0.025025 1.866015 0.839069
v -0.030270 1.859100 0.839005
v -0.031998 1.847868 0.837497
v -0.023000 1.849759 0.830483
v -0.064926 1.829995 0.853245
v -0.065339 1.832047 0.848752
v -0.038873 1.867032 0.844749
v -0.038567 1.876352 0.845340
v -0.095633 1.921708 0.752641
v -0.071250 1.912575 0.736582
v -0.059903 1.891298 0.723751
v -0.039476 1.822645 0.831398
v -0.158545 2.131560 0.435551
v -0.133841 2.121480 0.405509
v -0.143223 2.033477 0.441897
v -0.130987 2.061991 0.380511
v -0.126507 2.000256 0.479661
v -0.075152 2.103453 0.571262
v -0.000012 2.098064 0.578998
v -0.000730 2.143382 0.584278
v -0.074754 2.152533 0.568659
v -0.127350 2.202007 0.506301
v -0.184485 2.174953 0.504338
v -0.171495 2.160484 0.549760
v -0.072841 2.196177 0.563536
v -0.077861 2.224132 0.528470
v -0.096486 2.170340 0.378690
v -0.079121 2.105119 0.337775
v -0.139714 1.757962 0.349013
v -0.165407 1.711255 0.367074
v -0.093509 1.733034 0.417412
v -0.080191 1.768579 0.418669
v -0.141868 1.660493 0.706926
v -0.071103 1.647351 0.558305
v -0.154641 1.710274 0.561301
v -0.204295 1.692347 0.699213
v -0.296199 1.458944 0.560944
v -0.284336 1.585290 0.685131
v -0.219784 1.561478 0.697718
v -0.269624 1.450270 0.561688
v -0.270425 1.427575 0.588713
v -0.274404 1.387279 0.534681
v -0.278163 1.408766 0.494844
v -0.042079 2.246488 0.505370
v -0.000690 2.248696 0.502371
v -0.000495 2.238432 0.477449
v -0.086507 2.231550 0.473878
v -0.132939 1.959382 0.331595
v -0.150690 1.941246 0.384825
v -0.145053 1.850851 0.298318
v -0.165121 1.840345 0.350937
v -0.140210 1.818302 0.421122
v -0.120663 1.911104 0.436253
v -0.090735 1.805457 0.469643
v -0.062297 1.898884 0.470697
v -0.068338 1.967696 0.293343
v 0.000246 2.115628 0.337250
v 0.000108 1.977847 0.285246
v -0.068245 1.845594 0.246574
v -0.044212 2.179011 0.586377
v -0.072716 2.038088 0.546552
v -0.062593 1.972771 0.507480
v 0.000392 1.971822 0.515506
v 0.000445 2.032200 0.552586
v -0.107454 2.205518 0.422615
v -0.000206 2.225398 0.445583
v -0.150936 1.797693 0.425139
v -0.090716 1.792054 0.460960
v -0.164320 1.804438 0.331297
v -0.069159 1.795654 0.261374
v -0.052457 1.547645 0.363370
v -0.060799 1.565447 0.310303
v -0.036062 1.780110 0.262448
v -0.000285 1.773387 0.266480
v -0.193788 1.666493 0.433581
v -0.125870 1.714349 0.483844
v -0.227821 1.670959 0.527108
v -0.212295 1.577527 0.509034
v -0.260923 1.577487 0.657549
v -0.270492 1.654675 0.667694
v -0.140244 1.572858 0.692020
v -0.056110 1.580293 0.558290
v -0.201489 1.544710 0.666610
v -0.131842 1.537662 0.492203
v -0.126772 1.709578 0.278383
v -0.097977 1.755860 0.283236
v -0.041484 1.735414 0.239399
v -0.175935 1.575141 0.426045
v -0.049036 1.659566 0.491702
v -0.246712 1.594549 0.821767
v -0.293800 1.617588 0.815891
v -0.308342 1.635567 0.815040
v -0.323776 1.445809 0.577410
v -0.325438 1.559960 0.710353
v -0.232176 1.515004 0.736603
v -0.279369 1.495197 0.763006
v -0.296182 1.416981 0.611515
v -0.216703 1.582416 0.850157
v -0.211565 1.585508 0.840023
v -0.211180 1.630469 0.835496
v -0.243381 1.601045 0.877151
v -0.000018 1.737690 0.241920
v -0.041889 1.674467 0.235917
v -0.140979 1.579939 0.339082
v -0.143851 1.657893 0.289702
v 0.000015 1.680736 0.240902
v -0.252497 1.656591 0.825319
v -0.320368 1.420712 0.605864
v -0.309864 1.511322 0.753391
v -0.166619 2.186700 0.459928
v -0.280762 1.624040 0.869054
v -0.313518 1.629319 0.829424
v -0.231858 1.601454 0.803544
v -0.291401 1.627214 0.794161
v -0.297142 1.633156 0.796539
v -0.226391 1.601411 0.807663
v -0.322028 1.618621 0.813861
v -0.330222 1.629645 0.816100
v -0.277529 1.256944 0.703010
v -0.256142 1.272319 0.648460
v -0.253803 1.286011 0.651908
v -0.277942 1.277876 0.708173
v -0.318402 1.345287 0.616608
v -0.325308 1.386004 0.577253
v -0.334337 1.371799 0.540686
v -0.348157 1.327065 0.591877
v -0.351298 1.281777 0.654216
v -0.349510 1.271158 0.652574
v -0.320347 1.256816 0.703462
v -0.320812 1.277864 0.708214
v -0.279431 1.344549 0.623972
v -0.252248 1.296347 0.601733
v -0.268988 1.309375 0.552727
v -0.295005 1.382188 0.582130
v -0.266969 1.300139 0.549754
v -0.253463 1.286336 0.598727
v -0.364422 1.303141 0.575635
v -0.341408 1.339433 0.514962
v -0.340497 1.320058 0.509429
v -0.363645 1.293803 0.572228
v -0.276470 1.373545 0.453960
v -0.319836 1.377093 0.450083
v -0.308512 1.413857 0.490476
v -0.328407 1.396250 0.515649
v -0.339812 1.363734 0.477020
v -0.269666 1.321442 0.473126
v -0.277130 1.330340 0.445529
v -0.262717 1.352161 0.478062
v -0.270672 1.315498 0.511011
v -0.269384 1.336474 0.518054
v -0.336270 1.324521 0.470321
v -0.319796 1.334386 0.442283
v -0.269343 1.302667 0.674845
v -0.329190 1.305167 0.669723
v -0.039566 2.267868 0.521348
v -0.000726 2.270913 0.517093
v -0.060373 2.226676 0.581363
v -0.041814 2.209795 0.603604
v -0.065528 2.248439 0.546412
v -0.001249 2.202058 0.609745
v 0.000845 1.767536 0.465731
v -0.044770 1.825431 0.838300
v -0.034653 2.266195 0.524289
v -0.000702 2.269707 0.520878
v -0.299264 1.595742 0.869959
v -0.258496 1.572512 0.878209
v -0.210827 1.570517 0.840240
v -0.264369 1.568366 0.867376
v -0.298685 1.586290 0.860959
v -0.222636 1.568977 0.832912
v -0.059157 1.847722 0.859686
v -0.063634 1.837856 0.859231
v -0.005286 1.835873 0.881324
v 0.014537 1.845275 0.871512
v 0.015736 1.851318 0.886169
v 0.015451 1.862091 0.896488
v 0.003801 1.853385 0.909750
v -0.027340 1.842592 0.847788
v -0.019093 1.831877 0.887356
v -0.030723 1.832683 0.848824
v 0.009072 1.845655 0.913471
v -0.002508 1.830493 0.920315
v -0.009305 1.843268 0.918323
v -0.037741 1.819777 0.892784
v -0.044120 1.820753 0.852391
v -0.021666 1.825745 0.927244
v -0.027024 1.830997 0.924067
v -0.050692 1.821464 0.896789
v -0.056514 1.825828 0.861532
v -0.037219 1.824356 0.930933
v -0.039688 1.826464 0.927072
v -0.026089 1.867247 0.846235
v -0.016713 1.871243 0.867240
v 0.001041 1.870372 0.862724
v -0.000052 1.860664 0.846341
v -0.001762 1.873687 0.914373
v 0.013754 1.858857 0.927098
v 0.017777 1.867462 0.918541
v 0.006571 1.877124 0.908182
v 0.006791 1.854418 0.936093
v -0.057457 1.847407 0.894074
v -0.042462 1.863487 0.883780
v -0.019169 1.864209 0.926010
v -0.038415 1.847931 0.931828
v -0.011902 1.843438 0.941865
v -0.066559 1.832432 0.866804
v -0.060117 1.833282 0.896071
v -0.020870 1.835352 0.941002
v -0.033836 1.838781 0.940635
v 0.068029 1.865634 0.894029
v 0.060146 1.861751 0.879174
v 0.064221 1.868649 0.881806
v 0.066590 1.873267 0.891516
v 0.028497 1.790316 0.893546
v 0.023101 1.798201 0.891601
v 0.034568 1.796355 0.889327
v 0.009073 1.786216 0.900528
v 0.021854 1.780581 0.892521
v -0.001532 1.778609 0.909627
v 0.006813 1.773162 0.909824
v 0.001734 1.773060 0.915742
v -0.004357 1.788362 0.917696
v -0.000459 1.781323 0.921441
v -0.009615 1.781770 0.921974
v -0.038552 1.831665 0.938321
v -0.044534 1.835290 0.932158
v 0.019532 1.863178 0.902165
v 0.033878 1.835401 0.904317
v 0.023087 1.827883 0.917988
v 0.031770 1.827015 0.929028
v 0.036452 1.837033 0.921942
v 0.021450 1.867680 0.905737
v 0.039627 1.839853 0.912141
v 0.033893 1.820319 0.894620
v 0.023406 1.809280 0.902826
v 0.033089 1.819092 0.924544
v 0.031490 1.802234 0.908888
v 0.039483 1.810091 0.905077
v 0.039902 1.829908 0.921570
v 0.043028 1.835032 0.912205
v 0.042498 1.815694 0.899039
v 0.009876 1.815921 0.927296
v 0.024314 1.825167 0.941109
v 0.009809 1.798761 0.912766
v 0.029585 1.811040 0.935715
v 0.027038 1.793638 0.915403
v -0.006936 1.807203 0.933861
v -0.002253 1.810966 0.944772
v 0.006553 1.814668 0.948142
v -0.006577 1.796092 0.924009
v 0.011269 1.785671 0.929908
v 0.008883 1.810462 0.948401
v -0.000669 1.805768 0.943386
v -0.000291 1.789435 0.929054
v -0.023727 1.805397 0.934723
v -0.023204 1.808420 0.942663
v -0.014890 1.812900 0.945605
v -0.013737 1.789250 0.935523
v -0.014292 1.790361 0.938199
v -0.020687 1.803578 0.942669
v -0.011641 1.808257 0.946793
v -0.006762 1.790639 0.935532
v -0.023705 1.847793 0.846116
v -0.004034 1.844163 0.850106
v 0.000515 1.836994 0.863033
v 0.021989 1.867301 0.884833
v 0.019110 1.869482 0.866505
v 0.014453 1.873650 0.898066
v 0.017189 1.859536 0.854480
v 0.016930 1.846845 0.856983
v 0.047474 1.856145 0.872629
v 0.055180 1.858109 0.886754
v 0.046884 1.850884 0.884785
v 0.031354 1.856252 0.885900
v 0.035214 1.868178 0.886341
v 0.037286 1.870564 0.878826
v 0.038974 1.865253 0.869658
v 0.037053 1.856167 0.869421
v 0.017241 1.814081 0.940227
v 0.018531 1.806640 0.935544
v -0.002354 1.846306 0.936511
v 0.017140 1.791281 0.919506
v 0.011743 1.774972 0.920232
v 0.014861 1.779208 0.904369
v -0.014896 1.782315 0.928219
v -0.006547 1.781555 0.927580
v -0.014280 1.784479 0.927577
v 0.024114 1.780966 0.898669
v 0.036306 1.798808 0.893033
v 0.039451 1.804215 0.888747
v 0.033017 1.811191 0.888064
v 0.031507 1.852916 0.877862
v 0.046441 1.869720 0.882319
v 0.041582 1.866525 0.889611
v 0.055826 1.869585 0.894966
v 0.056451 1.860892 0.898810
v 0.040452 1.856596 0.891702
v 0.045266 1.865537 0.870940
v 0.212156 2.133450 0.529148
v 0.225946 2.154497 0.489795
v 0.248735 2.099255 0.471223
v 0.226977 2.074144 0.506803
v 0.147382 2.051582 0.497579
v 0.186185 2.055912 0.519760
v 0.195059 2.017399 0.491767
v 0.160410 2.013397 0.462093
v 0.222966 2.134200 0.422955
v 0.239884 2.056594 0.412070
v 0.249817 2.047377 0.456105
v 0.194658 1.940834 0.367080
v 0.169472 2.040154 0.394013
v 0.152234 2.022696 0.421966
v 0.183195 1.931570 0.401352
v 0.130674 2.104232 0.540731
v 0.139555 2.085658 0.510950
v 0.134309 2.073742 0.469918
v 0.132963 2.053846 0.503462
v 0.214368 1.749281 0.564467
v 0.209061 1.742515 0.558731
v 0.189377 1.747498 0.558568
v 0.189091 1.755601 0.566583
v 0.246280 1.823361 0.467377
v 0.256042 1.894982 0.414359
v 0.230686 1.890538 0.393420
v 0.224217 1.818594 0.453380
v 0.231758 1.855166 0.510916
v 0.250019 1.839992 0.492346
v 0.234795 1.740593 0.553532
v 0.233356 1.725195 0.552782
v 0.202934 1.857917 0.508994
v 0.227620 2.030542 0.485842
v 0.212992 2.052639 0.392141
v 0.166578 2.124400 0.391527
v 0.148549 2.089589 0.424935
v 0.177775 2.109881 0.542615
v 0.232824 1.952762 0.362346
v 0.256857 1.966718 0.383649
v 0.266014 1.964292 0.419622
v 0.247366 1.954341 0.446535
v 0.211180 1.944212 0.442010
v 0.188365 1.937367 0.426444
v 0.195209 1.925201 0.372396
v 0.194843 1.906225 0.379842
v 0.240420 1.919065 0.372198
v 0.267270 1.929311 0.387661
v 0.267592 1.919831 0.440654
v 0.277238 1.944614 0.420166
v 0.246649 1.937906 0.457543
v 0.246444 1.947688 0.444903
v 0.170480 1.733519 0.532014
v 0.178781 1.734073 0.533289
v 0.189746 1.727570 0.530412
v 0.184097 1.725350 0.520660
v 0.224214 1.725479 0.553422
v 0.223044 1.734955 0.551659
v 0.180008 1.745627 0.544410
v 0.172395 1.750660 0.546336
v 0.181247 1.850988 0.493119
v 0.176138 1.835817 0.467080
v 0.187966 1.821015 0.447428
v 0.214882 1.718836 0.523629
v 0.197111 2.176787 0.438451
v 0.169887 2.154607 0.386554
v 0.151800 2.033944 0.413325
v 0.142469 2.069119 0.364693
v 0.127496 1.998467 0.471216
v 0.072820 2.101935 0.571041
v 0.070150 2.151175 0.571047
v 0.118789 2.206290 0.528483
v 0.173081 2.181141 0.532122
v 0.147111 2.146297 0.555938
v 0.066970 2.195251 0.569074
v 0.072827 2.225573 0.538108
v 0.103508 2.179084 0.379451
v 0.081800 2.107577 0.336479
v 0.138544 1.760072 0.346679
v 0.164850 1.713275 0.367234
v 0.093317 1.732654 0.419151
v 0.075192 1.765150 0.407794
v 0.150895 1.639722 0.712487
v 0.082261 1.640287 0.554814
v 0.158404 1.695428 0.562953
v 0.211662 1.668111 0.700825
v 0.318704 1.446636 0.532478
v 0.295206 1.559431 0.671086
v 0.231986 1.531473 0.681818
v 0.290643 1.435567 0.535262
v 0.288981 1.408336 0.563252
v 0.296487 1.370980 0.506976
v 0.299119 1.395186 0.472156
v 0.040040 2.247854 0.509208
v 0.085629 2.237806 0.485266
v 0.134536 1.960998 0.330335
v 0.152645 1.941775 0.380253
v 0.145318 1.850776 0.298160
v 0.165431 1.840421 0.350482
v 0.140403 1.819981 0.422437
v 0.121315 1.911154 0.434898
v 0.090849 1.806015 0.470088
v 0.062658 1.896140 0.471037
v 0.068746 1.966243 0.291656
v 0.068312 1.845677 0.246555
v 0.000018 1.837621 0.232766
v -0.001131 2.177554 0.594127
v 0.040868 2.178419 0.588020
v 0.072808 2.037003 0.544882
v 0.063344 1.973035 0.506357
v 0.114227 2.218515 0.431907
v 0.000120 2.191909 0.395868
v 0.151057 1.796723 0.424349
v 0.090797 1.791506 0.460642
v 0.161380 1.786611 0.324645
v 0.069177 1.797959 0.260341
v 0.000005 1.795600 0.244406
v 0.079288 1.548779 0.361348
v 0.070946 1.569819 0.297046
v 0.000419 1.582650 0.300341
v 0.000775 1.577489 0.379682
v 0.035988 1.782872 0.262328
v 0.197515 1.669999 0.438101
v 0.128316 1.710940 0.487231
v 0.230526 1.658012 0.522993
v 0.214820 1.566265 0.498575
v 0.268116 1.558571 0.652064
v 0.277165 1.633839 0.665263
v 0.147470 1.557296 0.702348
v 0.056185 1.569397 0.549905
v 0.211134 1.526767 0.665686
v 0.135624 1.526975 0.483417
v 0.120245 1.735046 0.272199
v 0.096401 1.765833 0.283901
v 0.042389 1.738131 0.238240
v 0.181132 1.572426 0.413022
v 0.037388 1.640054 0.477496
v 0.253494 1.560710 0.810457
v 0.299252 1.586514 0.805671
v 0.316110 1.602502 0.810142
v 0.344255 1.432834 0.550886
v 0.337628 1.533922 0.693874
v 0.246923 1.482236 0.717196
v 0.295154 1.462360 0.741423
v 0.315390 1.394234 0.586892
v 0.226741 1.543164 0.838596
v 0.221100 1.548862 0.831878
v 0.222238 1.592535 0.832774
v 0.255600 1.558027 0.866888
v 0.044460 1.675916 0.234470
v 0.137027 1.580299 0.318260
v 0.137600 1.672837 0.272881
v 0.263130 1.618366 0.823117
v 0.339255 1.403285 0.579771
v 0.324765 1.480998 0.732510
v 0.174036 2.210290 0.488875
v 0.293392 1.580141 0.860204
v 0.321070 1.594971 0.820525
v 0.000835 1.595163 0.446797
v 0.000681 1.617244 0.481007
v 0.000005 1.700675 0.465458
v 0.239416 1.566736 0.790574
v 0.297204 1.596276 0.782098
v 0.302069 1.603378 0.786131
v 0.233197 1.567538 0.795731
v 0.330212 1.584742 0.800242
v 0.337926 1.596271 0.804664
v 0.282216 1.228137 0.663963
v 0.265860 1.247784 0.609045
v 0.263281 1.261205 0.613295
v 0.282258 1.248619 0.670707
v 0.331601 1.322233 0.588092
v 0.344033 1.367771 0.550625
v 0.353963 1.354687 0.506090
v 0.363586 1.305463 0.564476
v 0.360161 1.255730 0.623928
v 0.358480 1.245284 0.621337
v 0.324821 1.227501 0.668206
v 0.324952 1.248129 0.674554
v 0.292084 1.321416 0.592023
v 0.266264 1.275281 0.564103
v 0.288201 1.291256 0.517496
v 0.313434 1.364031 0.553520
v 0.286568 1.282261 0.513539
v 0.268004 1.265328 0.560320
v 0.380351 1.282763 0.548661
v 0.363125 1.324215 0.488582
v 0.361918 1.304446 0.482988
v 0.379841 1.273715 0.544503
v 0.302470 1.363427 0.426355
v 0.348818 1.365830 0.423868
v 0.327880 1.402578 0.469833
v 0.346883 1.383694 0.477182
v 0.365228 1.350782 0.452421
v 0.295521 1.309710 0.439581
v 0.303948 1.321589 0.413943
v 0.287900 1.339589 0.447050
v 0.294016 1.300279 0.476456
v 0.291654 1.320774 0.485426
v 0.361879 1.310434 0.444313
v 0.347613 1.324487 0.414134
v 0.275860 1.276725 0.639126
v 0.337179 1.278006 0.638920
v 0.037693 2.268588 0.523398
v 0.056813 2.225271 0.583685
v 0.038968 2.204803 0.601583
v 0.036826 2.208638 0.598206
v 0.062194 2.249053 0.550709
v 0.000189 1.895791 0.482364
v 0.000048 1.800860 0.474692
v 0.000027 1.782251 0.474011
v 0.214602 1.720155 0.532167
v 0.032902 2.266765 0.525984
v -0.001285 2.205398 0.606831
v 0.312830 1.551319 0.855163
v 0.271715 1.529274 0.863523
v 0.221960 1.530282 0.825765
v 0.277311 1.526212 0.851628
v 0.311637 1.543531 0.844287
v 0.234011 1.529129 0.817677
v 0.206601 1.737843 0.562088
v 0.217990 1.731898 0.561067
v 0.165761 1.698498 0.559008
v 0.145340 1.699124 0.546039
v 0.139293 1.699294 0.561432
v 0.132302 1.704575 0.573989
v 0.140766 1.698632 0.587774
v 0.187411 1.717809 0.536987
v 0.175202 1.696093 0.568891
v 0.197058 1.712465 0.537357
v 0.135314 1.688037 0.597197
v 0.147509 1.680944 0.611441
v 0.154853 1.691205 0.597992
v 0.195923 1.689989 0.576858
v 0.213231 1.709026 0.543076
v 0.165551 1.682792 0.621048
v 0.174186 1.684667 0.607199
v 0.205304 1.694349 0.585136
v 0.216485 1.713716 0.556390
v 0.180614 1.685124 0.624941
v 0.186552 1.684380 0.612948
v 0.172245 1.743056 0.542436
v 0.159737 1.737000 0.559911
v 0.144913 1.731572 0.550081
v 0.152482 1.730085 0.532926
v 0.137368 1.719270 0.595374
v 0.124291 1.705231 0.604970
v 0.120516 1.708523 0.594251
v 0.129985 1.719438 0.587500
v 0.129673 1.706794 0.615577
v 0.200901 1.720353 0.591544
v 0.182809 1.733217 0.581484
v 0.153860 1.716686 0.610579
v 0.175617 1.705041 0.620630
v 0.148226 1.703457 0.628026
v 0.220990 1.720902 0.566139
v 0.208547 1.707977 0.590579
v 0.158687 1.697122 0.631503
v 0.170797 1.700921 0.631243
v 0.099770 1.670196 0.560125
v 0.103244 1.673853 0.548258
v 0.099949 1.680334 0.550483
v 0.098427 1.679556 0.559043
v 0.119729 1.625858 0.633985
v 0.124838 1.627615 0.625871
v 0.113577 1.624122 0.626895
v 0.139000 1.631679 0.640120
v 0.126854 1.621302 0.642253
v 0.149540 1.637481 0.650524
v 0.141462 1.634440 0.655475
v 0.146265 1.639596 0.657718
v 0.151566 1.648976 0.644866
v 0.147836 1.649244 0.652897
v 0.156934 1.650434 0.652480
v 0.177721 1.694806 0.631193
v 0.186041 1.693783 0.620542
v 0.124173 1.700940 0.579134
v 0.115138 1.670819 0.590914
v 0.122626 1.664399 0.608967
v 0.112863 1.674191 0.616496
v 0.108064 1.677906 0.605547
v 0.120014 1.703867 0.582192
v 0.106846 1.675880 0.595198
v 0.113403 1.639053 0.605795
v 0.123544 1.642342 0.620369
v 0.112488 1.665538 0.620554
v 0.115537 1.644522 0.629468
v 0.107370 1.643778 0.620917
v 0.105431 1.669097 0.609707
v 0.103566 1.666233 0.598685
v 0.104361 1.640396 0.613423
v 0.135690 1.668131 0.624000
v 0.117235 1.679884 0.629679
v 0.137165 1.647903 0.633705
v 0.115080 1.669909 0.634174
v 0.120092 1.647177 0.639856
v 0.152286 1.668459 0.634549
v 0.145751 1.679445 0.639201
v 0.134495 1.678186 0.642670
v 0.153165 1.657950 0.640314
v 0.135442 1.655724 0.652497
v 0.132921 1.675347 0.644725
v 0.145629 1.677833 0.640389
v 0.146968 1.659500 0.648630
v 0.168061 1.671520 0.639209
v 0.165163 1.676944 0.644855
v 0.155784 1.679833 0.644276
v 0.160543 1.655889 0.646444
v 0.160317 1.664160 0.650536
v 0.163572 1.672153 0.646665
v 0.153395 1.676043 0.646486
v 0.153077 1.665954 0.650013
v 0.180065 1.721560 0.535465
v 0.165039 1.712869 0.528948
v 0.163586 1.703064 0.539545
v 0.126747 1.708798 0.562981
v 0.129345 1.722006 0.547562
v 0.126252 1.714552 0.577121
v 0.137441 1.717078 0.534345
v 0.145525 1.706383 0.534033
v 0.115778 1.683197 0.542598
v 0.109407 1.670303 0.556351
v 0.122458 1.680317 0.551330
v 0.125434 1.687114 0.559428
v 0.116104 1.696663 0.561201
v 0.111288 1.696951 0.555494
v 0.117082 1.697831 0.544020
v 0.124007 1.691996 0.541589
v 0.126835 1.676509 0.633793
v 0.126985 1.670673 0.636337
v 0.139899 1.701664 0.620565
v 0.129900 1.650548 0.643455
v 0.136007 1.640031 0.656776
v 0.133383 1.631937 0.648192
v 0.161890 1.655548 0.654037
v 0.153638 1.655015 0.654992
v 0.161547 1.651618 0.648586
v 0.124331 1.626797 0.644361
v 0.111570 1.628397 0.626216
v 0.108371 1.626513 0.619604
v 0.114565 1.629113 0.612595
v 0.131950 1.690445 0.549605
v 0.108007 1.690213 0.556165
v 0.113898 1.688509 0.562953
v 0.104418 1.679269 0.565412
v 0.110735 1.673165 0.566135
v 0.121307 1.682909 0.562669
v 0.109745 1.689618 0.544837
v -0.033932 1.643432 0.488327
v -0.034226 1.650931 0.483869
v 0.035653 1.634677 0.484520
v 0.053308 1.654590 0.488105
v 0.000462 1.624317 0.481678
vt 0.122154 0.177276
vt 0.093246 0.157483
vt 0.117812 0.143845
vt 0.134796 0.153023
vt 0.155481 0.178724
vt 0.148248 0.154854
vt 0.178899 0.161548
vt 0.158347 0.146911
vt 0.163545 0.133287
vt 0.188858 0.133360
vt 0.113793 0.208542
vt 0.064646 0.176154
vt 0.067084 0.217735
vt 0.032188 0.189182
vt 0.172703 0.213760
vt 0.135417 0.247557
vt 0.115297 0.246913
vt 0.166983 0.204363
vt 0.197657 0.173352
vt 0.242197 0.133514
vt 0.226904 0.186992
vt 0.201301 0.174019
vt 0.213451 0.133431
vt 0.189387 0.236920
vt 0.231571 0.213441
vt 0.266185 0.133583
vt 0.253558 0.189045
vt 0.088215 0.239074
vt 0.279010 0.133620
vt 0.267858 0.191038
vt 0.209588 0.133420
vt 0.235832 0.224086
vt 0.191318 0.253886
vt 0.084322 0.133059
vt 0.114150 0.133145
vt 0.004587 0.132829
vt 0.047079 0.132951
vt 0.143135 0.133229
vt 0.382018 0.278554
vt 0.395780 0.294136
vt 0.368963 0.296985
vt 0.355543 0.279020
vt 0.344067 0.263931
vt 0.403219 0.322955
vt 0.375065 0.322939
vt 0.345860 0.365430
vt 0.319093 0.358232
vt 0.331031 0.340616
vt 0.359766 0.350275
vt 0.306722 0.375778
vt 0.334440 0.321295
vt 0.367254 0.321295
vt 0.117201 0.254847
vt 0.087328 0.242464
vt 0.344527 0.262376
vt 0.382080 0.277722
vt 0.396644 0.293403
vt 0.404115 0.322955
vt 0.382579 0.277920
vt 0.041494 0.315137
vt 0.040231 0.336472
vt 0.027464 0.334347
vt 0.025078 0.314233
vt 0.029904 0.355258
vt 0.041455 0.295068
vt 0.024513 0.295068
vt 0.284096 0.054753
vt 0.277371 0.025125
vt 0.294958 0.020917
vt 0.305512 0.051112
vt 0.330240 0.061841
vt 0.304148 0.073982
vt 0.323976 0.044930
vt 0.286539 0.076322
vt 0.297768 0.102913
vt 0.285806 0.103979
vt 0.296306 0.133785
vt 0.284146 0.133785
vt 0.270671 0.006339
vt 0.312655 0.007306
vt 0.022073 0.337222
vt 0.020578 0.316526
vt 0.023506 0.355961
vt 0.019007 0.295068
vt 0.117856 0.263921
vt 0.086658 0.254190
vt 0.128099 0.257418
vt 0.176121 0.217536
vt 0.148136 0.247406
vt 0.754695 0.347045
vt 0.745380 0.343431
vt 0.777347 0.331149
vt 0.776049 0.340628
vt 0.788759 0.318463
vt 0.805762 0.318949
vt 0.809937 0.330020
vt 0.839272 0.321624
vt 0.839278 0.329516
vt 0.808553 0.343591
vt 0.838802 0.345569
vt 0.863296 0.328693
vt 0.870570 0.345561
vt 0.781134 0.350521
vt 0.797780 0.353520
vt 0.838211 0.354853
vt 0.870571 0.355028
vt 0.870570 0.329562
vt 0.122409 0.089061
vt 0.134911 0.113387
vt 0.117873 0.122466
vt 0.093387 0.108687
vt 0.155743 0.087805
vt 0.148372 0.111632
vt 0.179062 0.105116
vt 0.158426 0.119634
vt 0.064895 0.089851
vt 0.114227 0.057748
vt 0.032513 0.076636
vt 0.067573 0.048285
vt 0.115953 0.019386
vt 0.136075 0.018857
vt 0.173166 0.052868
vt 0.167392 0.062233
vt 0.197887 0.093419
vt 0.201536 0.092773
vt 0.227212 0.079948
vt 0.189983 0.029806
vt 0.232031 0.053527
vt 0.253878 0.078048
vt 0.088826 0.027069
vt 0.268189 0.076138
vt 0.192012 0.012851
vt 0.236354 0.042906
vt 0.381971 0.367302
vt 0.355526 0.366831
vt 0.368941 0.348881
vt 0.395743 0.351760
vt 0.344067 0.381910
vt 0.345860 0.277160
vt 0.359766 0.292315
vt 0.331031 0.301975
vt 0.319093 0.284359
vt 0.306722 0.266812
vt 0.087959 0.023673
vt 0.117903 0.011463
vt 0.382281 0.368035
vt 0.344530 0.383474
vt 0.396608 0.352498
vt 0.041494 0.275000
vt 0.025078 0.275903
vt 0.027464 0.255789
vt 0.040231 0.253665
vt 0.029904 0.234878
vt 0.284099 0.212811
vt 0.305512 0.216449
vt 0.294961 0.246640
vt 0.277376 0.242433
vt 0.330237 0.205722
vt 0.323973 0.222631
vt 0.304148 0.193584
vt 0.286541 0.191244
vt 0.297769 0.164655
vt 0.285807 0.163590
vt 0.312655 0.260249
vt 0.270678 0.261216
vt 0.020578 0.273611
vt 0.022073 0.252914
vt 0.023506 0.234175
vt 0.087357 0.011944
vt 0.118610 0.002393
vt 0.128815 0.008955
vt 0.176607 0.049113
vt 0.148794 0.019083
vt 0.986442 0.347043
vt 0.965090 0.340627
vt 0.963791 0.331149
vt 0.995757 0.343429
vt 0.931202 0.330020
vt 0.935378 0.318949
vt 0.952380 0.318463
vt 0.901863 0.329516
vt 0.901869 0.321624
vt 0.932587 0.343590
vt 0.902339 0.345569
vt 0.877845 0.328693
vt 0.960005 0.350519
vt 0.943360 0.353519
vt 0.902930 0.354853
vt 0.372494 0.025247
vt 0.347845 0.012480
vt 0.372485 0.242310
vt 0.347839 0.255075
vt 0.946951 0.186950
vt 0.744708 0.102020
vt 0.722188 0.069107
vt 0.787879 0.075567
vt 0.835712 0.279697
vt 0.775051 0.282268
vt 0.806415 0.008795
vt 0.880681 0.024404
vt 0.895573 0.065933
vt 0.705428 0.279391
vt 0.659858 0.263561
vt 0.702222 0.261471
vt 0.690763 0.214615
vt 0.684901 0.195124
vt 0.698323 0.185821
vt 0.691484 0.113626
vt 0.741982 0.008417
vt 0.835782 0.057320
vt 0.716737 0.170912
vt 0.775144 0.146826
vt 0.740343 0.199627
vt 0.794652 0.242850
vt 0.790837 0.185088
vt 0.838384 0.177748
vt 0.871081 0.286113
vt 0.760030 0.034619
vt 0.726004 0.337870
vt 0.694119 0.348508
vt 0.709798 0.131843
vt 0.691128 0.142966
vt 0.753988 0.263626
vt 0.678735 0.251659
vt 0.715451 0.229660
vt 0.727410 0.264305
vt 0.905006 0.125900
vt 0.927551 0.241331
vt 0.687106 0.165873
vt 0.902634 0.180908
vt 0.874490 0.185562
vt 0.838747 0.114570
vt 0.738430 0.385885
vt 0.715315 0.403317
vt 0.692491 0.419252
vt 0.690427 0.379416
vt 0.707893 0.387671
vt 0.663170 0.232792
vt 0.670575 0.384001
vt 0.677584 0.329261
vt 0.660716 0.249315
vt 0.675284 0.176567
vt 0.672238 0.168332
vt 0.697809 0.175696
vt 0.661612 0.144363
vt 0.719670 0.368073
vt 0.742235 0.325177
vt 0.695304 0.319518
vt 0.721922 0.307925
vt 0.890646 0.234212
vt 0.687256 0.229182
vt 0.703333 0.403238
vt 0.715025 0.399703
vt 0.751700 0.235935
vt 0.663645 0.161442
vt 0.687150 0.126043
vt 0.687840 0.136055
vt 0.660803 0.132966
vt 0.660753 0.123841
vt 0.662928 0.310785
vt 0.661059 0.134851
vt 0.954518 0.056319
vt 0.642057 0.379492
vt 0.668301 0.006673
vt 0.693678 0.066485
vt 0.693588 0.076131
vt 0.943074 0.025088
vt 0.740501 0.287089
vt 0.660141 0.075442
vt 0.660858 0.066880
vt 0.663807 0.019578
vt 0.952347 0.144833
vt 0.841099 0.273403
vt 0.659613 0.174808
vt 0.980825 0.061159
vt 0.980769 0.024989
vt 0.661201 0.117948
vt 0.658208 0.278035
vt 0.979304 0.189173
vt 0.980534 0.151618
vt 0.660819 0.201634
vt 0.682911 0.134008
vt 0.743059 0.065877
vt 0.661549 0.049030
vt 0.946951 0.186950
vt 0.870188 0.308834
vt 0.804079 0.287583
vt 0.744708 0.102020
vt 0.743059 0.065877
vt 0.722188 0.069107
vt 0.806415 0.008795
vt 0.835782 0.057320
vt 0.895573 0.065933
vt 0.880681 0.024404
vt 0.705428 0.279391
vt 0.702222 0.261471
vt 0.659858 0.263561
vt 0.658208 0.278035
vt 0.690763 0.214615
vt 0.698323 0.185821
vt 0.684901 0.195124
vt 0.709798 0.131843
vt 0.693588 0.076131
vt 0.691484 0.113626
vt 0.741982 0.008417
vt 0.760030 0.034619
vt 0.794652 0.242850
vt 0.835712 0.279697
vt 0.838384 0.177748
vt 0.790837 0.185088
vt 0.870188 0.308834
vt 0.871081 0.286113
vt 0.787879 0.075567
vt 0.663807 0.019578
vt 0.751700 0.235935
vt 0.753988 0.263626
vt 0.678735 0.251659
vt 0.727410 0.264305
vt 0.715451 0.229660
vt 0.905006 0.125900
vt 0.927551 0.241331
vt 0.691128 0.142966
vt 0.687106 0.165873
vt 0.716737 0.170912
vt 0.902634 0.180908
vt 0.838747 0.114570
vt 0.874490 0.185562
vt 0.775144 0.146826
vt 0.740343 0.199627
vt 0.738430 0.385885
vt 0.692491 0.419252
vt 0.715315 0.403317
vt 0.690427 0.379416
vt 0.694119 0.348508
vt 0.707893 0.387671
vt 0.660819 0.201634
vt 0.663170 0.232792
vt 0.946951 0.186950
vt 0.946951 0.186950
vt 0.660716 0.249315
vt 0.675284 0.176567
vt 0.697809 0.175696
vt 0.672238 0.168332
vt 0.660141 0.075442
vt 0.661201 0.117948
vt 0.719670 0.368073
vt 0.742235 0.325177
vt 0.726004 0.337870
vt 0.695304 0.319518
vt 0.721922 0.307925
vt 0.890646 0.234212
vt 0.687256 0.229182
vt 0.715025 0.399703
vt 0.670575 0.384001
vt 0.677584 0.329261
vt 0.663645 0.161442
vt 0.687150 0.126043
vt 0.660753 0.123841
vt 0.660803 0.132966
vt 0.687840 0.136055
vt 0.682911 0.134008
vt 0.661059 0.134851
vt 0.661612 0.144363
vt 0.954518 0.056319
vt 0.952347 0.144833
vt 0.642057 0.379492
vt 0.662928 0.310785
vt 0.668301 0.006673
vt 0.943074 0.025088
vt 0.693678 0.066485
vt 0.775051 0.282268
vt 0.703333 0.403238
vt 0.660858 0.066880
vt 0.740501 0.287089
vt 0.841099 0.273403
vt 0.980825 0.061159
vt 0.980769 0.024989
vt 0.661549 0.049030
vt 0.659613 0.174808
vt 0.980534 0.151618
vt 0.979304 0.189173
vt 0.804079 0.287583
vt 0.782574 0.655461
vt 0.756262 0.658300
vt 0.754167 0.628076
vt 0.781205 0.626651
vt 0.836503 0.625338
vt 0.808506 0.626450
vt 0.807541 0.600126
vt 0.836352 0.594678
vt 0.719444 0.638713
vt 0.729304 0.593847
vt 0.757884 0.599205
vt 0.864461 0.537991
vt 0.880844 0.580131
vt 0.861694 0.587539
vt 0.843258 0.534537
vt 0.848348 0.673199
vt 0.843617 0.647150
vt 0.870739 0.634846
vt 0.886969 0.663915
vt 0.790450 0.411686
vt 0.790689 0.405356
vt 0.804617 0.406805
vt 0.804784 0.412609
vt 0.754900 0.465157
vt 0.745493 0.514638
vt 0.726646 0.514415
vt 0.740122 0.463758
vt 0.788111 0.469022
vt 0.771548 0.467412
vt 0.776937 0.412159
vt 0.765614 0.409445
vt 0.804044 0.469473
vt 0.784119 0.600724
vt 0.708074 0.587613
vt 0.674398 0.640571
vt 0.646972 0.615798
vt 0.678474 0.577144
vt 0.808296 0.654442
vt 0.719346 0.546920
vt 0.738108 0.552933
vt 0.762122 0.552337
vt 0.786705 0.549818
vt 0.809190 0.537264
vt 0.826816 0.535844
vt 0.700682 0.525867
vt 0.703268 0.517219
vt 0.726446 0.530386
vt 0.742470 0.532896
vt 0.766656 0.520993
vt 0.762493 0.536033
vt 0.786620 0.525909
vt 0.786766 0.537534
vt 0.861938 0.524205
vt 0.862247 0.532119
vt 0.829576 0.411822
vt 0.828276 0.407546
vt 0.839321 0.404808
vt 0.842042 0.410978
vt 0.765699 0.404919
vt 0.776797 0.405460
vt 0.813975 0.407086
vt 0.814669 0.412386
vt 0.819324 0.469651
vt 0.836157 0.469189
vt 0.850986 0.467359
vt 0.751981 0.407245
vt 0.719794 0.460703
vt 0.735290 0.404585
vt 0.724287 0.667505
vt 0.697285 0.532222
vt 0.689590 0.659618
vt 0.175974 0.834140
vt 0.166860 0.869197
vt 0.130818 0.868508
vt 0.121318 0.834462
vt 0.226568 0.874609
vt 0.226294 0.833744
vt 0.275972 0.912764
vt 0.322629 0.911085
vt 0.322629 0.933717
vt 0.276978 0.940277
vt 0.253758 0.978467
vt 0.227906 0.975060
vt 0.232776 0.944910
vt 0.279995 0.962983
vt 0.271428 0.984701
vt 0.115069 0.877097
vt 0.058266 0.875425
vt 0.057736 0.835774
vt 0.508981 0.655803
vt 0.503910 0.607101
vt 0.559113 0.612899
vt 0.561349 0.657576
vt 0.592576 0.428102
vt 0.601761 0.507502
vt 0.556571 0.505775
vt 0.553969 0.429033
vt 0.470414 0.064650
vt 0.465887 0.162215
vt 0.429618 0.158024
vt 0.451191 0.062432
vt 0.427746 0.059809
vt 0.428027 0.024827
vt 0.452822 0.021845
vt 0.234324 0.913166
vt 0.034004 0.964579
vt 0.004123 0.957774
vt 0.004123 0.938662
vt 0.051713 0.940638
vt 0.129149 0.764006
vt 0.179761 0.765626
vt 0.133519 0.700913
vt 0.185038 0.702809
vt 0.227565 0.703312
vt 0.228451 0.765323
vt 0.271331 0.702711
vt 0.276820 0.765476
vt 0.060688 0.759979
vt 0.004123 0.830902
vt 0.004123 0.757595
vt 0.062973 0.695426
vt 0.004123 0.690816
vt 0.322629 0.946735
vt 0.294077 0.950355
vt 0.275570 0.873718
vt 0.278409 0.830844
vt 0.322629 0.831067
vt 0.322629 0.871888
vt 0.070284 0.981998
vt 0.050399 0.986653
vt 0.101371 0.918036
vt 0.056761 0.909758
vt 0.004123 0.914311
vt 0.004123 0.872559
vt 0.230381 0.683741
vt 0.269971 0.683347
vt 0.181702 0.681745
vt 0.059093 0.676442
vt 0.004123 0.673313
vt 0.374767 0.524150
vt 0.379735 0.542994
vt 0.346704 0.547977
vt 0.346704 0.501743
vt 0.031685 0.664300
vt 0.004123 0.664300
vt 0.508441 0.548613
vt 0.557511 0.553838
vt 0.509336 0.500931
vt 0.448439 0.491415
vt 0.459876 0.417576
vt 0.507272 0.424374
vt 0.642056 0.411660
vt 0.660463 0.488568
vt 0.409876 0.410995
vt 0.381651 0.483335
vt 0.346704 0.471314
vt 0.378524 0.397742
vt 0.445710 0.629679
vt 0.443646 0.657500
vt 0.383688 0.658433
vt 0.380090 0.632782
vt 0.443649 0.523898
vt 0.605332 0.556720
vt 0.451009 0.317267
vt 0.481211 0.320008
vt 0.507285 0.342383
vt 0.494178 0.064483
vt 0.495023 0.162997
vt 0.564209 0.062023
vt 0.587489 0.155487
vt 0.553965 0.159822
vt 0.540086 0.063273
vt 0.617816 0.313102
vt 0.620007 0.331084
vt 0.582762 0.357513
vt 0.576788 0.321457
vt 0.396548 0.148995
vt 0.346704 0.659269
vt 0.346704 0.638068
vt 0.377079 0.599552
vt 0.438964 0.540235
vt 0.444609 0.595234
vt 0.346704 0.603008
vt 0.552801 0.358490
vt 0.522841 0.062366
vt 0.532467 0.161218
vt 0.099348 0.949172
vt 0.551549 0.321956
vt 0.505890 0.322237
vt 0.415062 0.323631
vt 0.421436 0.308183
vt 0.686250 0.506484
vt 0.647026 0.526963
vt 0.636245 0.557206
vt 0.624552 0.622396
vt 0.453199 0.277133
vt 0.481481 0.278358
vt 0.481838 0.294689
vt 0.451765 0.294145
vt 0.505708 0.277176
vt 0.504208 0.294363
vt 0.093201 0.664300
vt 0.956103 0.398017
vt 0.989564 0.446923
vt 0.979078 0.452209
vt 0.949218 0.414453
vt 0.923179 0.495225
vt 0.929375 0.528134
vt 0.911502 0.542972
vt 0.896444 0.503759
vt 0.888426 0.449048
vt 0.881524 0.444136
vt 0.914309 0.402393
vt 0.920635 0.416305
vt 0.948370 0.491780
vt 0.987548 0.489909
vt 0.982075 0.524689
vt 0.940219 0.547611
vt 0.937594 0.524486
vt 0.988932 0.526734
vt 0.995414 0.489972
vt 0.874955 0.509154
vt 0.895989 0.552079
vt 0.885662 0.558869
vt 0.867796 0.509725
vt 0.940470 0.569813
vt 0.925084 0.573036
vt 0.927907 0.558457
vt 0.933860 0.557788
vt 0.922174 0.556552
vt 0.913130 0.566233
vt 0.964667 0.575983
vt 0.947382 0.586148
vt 0.954101 0.565013
vt 0.978476 0.554960
vt 0.966919 0.548279
vt 0.900590 0.580246
vt 0.921584 0.588765
vt 0.591875 0.051815
vt 0.604495 0.019453
vt 0.629049 0.019453
vt 0.645439 0.049952
vt 0.956009 0.445549
vt 0.914242 0.449525
vt 0.639108 0.136205
vt 0.599298 0.134601
vt 0.597439 0.110686
vt 0.653018 0.097905
vt 0.590014 0.081426
vt 0.636578 0.158110
vt 0.598069 0.156585
vt 0.627897 0.175404
vt 0.602575 0.173527
vt 0.898493 0.620910
vt 0.022956 0.981263
vt 0.004123 0.974011
vt 0.289390 0.971774
vt 0.298431 0.960420
vt 0.299182 0.962864
vt 0.291386 0.972606
vt 0.282164 0.990767
vt 0.285103 0.990479
vt 0.038443 0.994954
vt 0.322629 0.956364
vt 0.755657 0.691222
vt 0.322629 0.766145
vt 0.322629 0.702939
vt 0.322629 0.682735
vt 0.615976 0.659325
vt 0.738990 0.399107
vt 0.753265 0.403812
vt 0.525118 0.029245
vt 0.506734 0.007753
vt 0.539846 0.030812
vt 0.569817 0.028285
vt 0.468985 0.020711
vt 0.482405 0.014129
vt 0.209128 0.664300
vt 0.265628 0.664300
vt 0.322629 0.664300
vt 0.021196 0.984752
vt 0.004123 0.978121
vt 0.035289 0.997708
vt 0.322629 0.958513
vt 0.105412 0.983058
vt 0.550381 0.293880
vt 0.573412 0.293979
vt 0.422716 0.292036
vt 0.617424 0.292281
vt 0.573099 0.275506
vt 0.549236 0.275150
vt 0.612286 0.271724
vt 0.426039 0.271724
vt 0.816751 0.680854
vt 0.783992 0.684700
vt 0.926407 0.991594
vt 0.925238 0.985982
vt 0.938954 0.987502
vt 0.938574 0.992835
vt 0.946838 0.734127
vt 0.964237 0.732715
vt 0.962589 0.743732
vt 0.962609 0.754636
vt 0.949281 0.759206
vt 0.941810 0.705580
vt 0.935654 0.734470
vt 0.933667 0.707259
vt 0.949059 0.771119
vt 0.935208 0.775520
vt 0.935796 0.760266
vt 0.919524 0.732110
vt 0.921326 0.707595
vt 0.920228 0.771343
vt 0.919652 0.758528
vt 0.910488 0.730820
vt 0.915003 0.707011
vt 0.909666 0.765918
vt 0.909959 0.756545
vt 0.911185 0.843632
vt 0.915044 0.863219
vt 0.902245 0.865986
vt 0.895867 0.853130
vt 0.920911 0.896106
vt 0.920865 0.909653
vt 0.913669 0.905242
vt 0.912911 0.895527
vt 0.929184 0.911401
vt 0.952313 0.845578
vt 0.957221 0.867828
vt 0.938557 0.866211
vt 0.938529 0.845438
vt 0.937782 0.897532
vt 0.957717 0.897615
vt 0.945648 0.911739
vt 0.965333 0.845911
vt 0.968228 0.867377
vt 0.954746 0.912479
vt 0.960473 0.905946
vt 0.989585 0.749868
vt 0.988836 0.745832
vt 0.991753 0.745836
vt 0.992394 0.750405
vt 0.902245 0.958487
vt 0.896647 0.958883
vt 0.900081 0.954430
vt 0.931823 0.979889
vt 0.921390 0.979873
vt 0.926992 0.974827
vt 0.952713 0.968015
vt 0.949339 0.964122
vt 0.953188 0.962962
vt 0.967526 0.955461
vt 0.963318 0.953166
vt 0.967224 0.950908
vt 0.967227 0.905900
vt 0.968760 0.897251
vt 0.977760 0.897561
vt 0.975547 0.907684
vt 0.974611 0.843468
vt 0.979139 0.869856
vt 0.964073 0.762454
vt 0.963579 0.785393
vt 0.949936 0.791230
vt 0.917263 0.931725
vt 0.909528 0.927445
vt 0.896878 0.901405
vt 0.903999 0.902754
vt 0.902534 0.925421
vt 0.895362 0.924720
vt 0.963128 0.807182
vt 0.949958 0.809765
vt 0.915029 0.936869
vt 0.909320 0.950031
vt 0.904428 0.945389
vt 0.908812 0.931209
vt 0.901470 0.929296
vt 0.899872 0.943827
vt 0.893013 0.943239
vt 0.935261 0.794277
vt 0.928998 0.934880
vt 0.935008 0.811044
vt 0.916913 0.939061
vt 0.928737 0.941323
vt 0.928050 0.959227
vt 0.919126 0.958898
vt 0.920586 0.790117
vt 0.955213 0.931740
vt 0.946792 0.935184
vt 0.920373 0.806774
vt 0.948475 0.952348
vt 0.946835 0.937929
vt 0.955212 0.935548
vt 0.955332 0.949645
vt 0.909976 0.784456
vt 0.973479 0.926394
vt 0.967857 0.925415
vt 0.961298 0.926783
vt 0.910510 0.801337
vt 0.972931 0.941170
vt 0.968470 0.942387
vt 0.968474 0.929142
vt 0.956521 0.935027
vt 0.961736 0.930551
vt 0.963476 0.943699
vt 0.960202 0.947806
vt 0.949172 0.704394
vt 0.963907 0.693649
vt 0.969311 0.707600
vt 0.957454 0.714818
vt 0.955248 0.723783
vt 0.895426 0.894677
vt 0.891142 0.895392
vt 0.892283 0.887863
vt 0.891249 0.874195
vt 0.902679 0.893658
vt 0.886055 0.864317
vt 0.968031 0.723958
vt 0.974957 0.719483
vt 0.984764 0.741769
vt 0.986575 0.748656
vt 0.981060 0.745287
vt 0.884092 0.894444
vt 0.882597 0.889924
vt 0.880037 0.886609
vt 0.876201 0.881780
vt 0.986557 0.736051
vt 0.981528 0.738246
vt 0.938344 0.935684
vt 0.938434 0.941539
vt 0.937901 0.912690
vt 0.941236 0.954033
vt 0.939178 0.940291
vt 0.948987 0.961574
vt 0.943333 0.965025
vt 0.944149 0.970696
vt 0.968535 0.948195
vt 0.965165 0.949386
vt 0.971290 0.949076
vt 0.933576 0.974097
vt 0.927610 0.973248
vt 0.921467 0.973756
vt 0.901001 0.952946
vt 0.898405 0.951278
vt 0.893967 0.950351
vt 0.976680 0.742364
vt 0.876876 0.888743
vt 0.879587 0.892448
vt 0.875034 0.895198
vt 0.871092 0.893858
vt 0.975642 0.747989
vt 0.989336 0.753665
vt 0.985508 0.752407
vt 0.882268 0.894853
vt 0.873744 0.884335
vt 0.988400 0.739820
vt 0.978878 0.750089
vt 0.877662 0.897095
vt 0.870165 0.889619
vt 0.962005 0.815777
vt 0.950732 0.821715
vt 0.935284 0.824487
vt 0.936421 0.959738
vt 0.921473 0.814627
vt 0.955070 0.956664
vt 0.911363 0.811852
vt 0.958056 0.991770
vt 0.949381 0.987929
vt 0.960028 0.982442
vt 0.963981 0.989791
vt 0.902847 0.981838
vt 0.911267 0.983489
vt 0.902241 0.989560
vt 0.950043 0.994484
vt 0.878375 0.971278
vt 0.890446 0.974582
vt 0.884626 0.981783
vt 0.877584 0.979830
vt 0.973392 0.971278
vt 0.974162 0.982926
vt 0.869257 0.978570
vt 0.460582 0.228067
vt 0.421934 0.221779
vt 0.492680 0.228063
vt 0.537860 0.228067
vt 0.560673 0.227432
vt 0.599875 0.216549
vt 0.386120 0.211460
vt 0.922916 0.824753
vt 0.960283 0.955886
vt 0.958011 0.963276
vt 0.782764 0.731896
vt 0.756452 0.729057
vt 0.754356 0.759281
vt 0.781395 0.760706
vt 0.836693 0.762019
vt 0.808696 0.760907
vt 0.807730 0.787231
vt 0.836541 0.792678
vt 0.719633 0.748644
vt 0.729494 0.793510
vt 0.758073 0.788152
vt 0.864650 0.849366
vt 0.881033 0.807226
vt 0.861883 0.799818
vt 0.843448 0.852820
vt 0.848538 0.714158
vt 0.843806 0.740207
vt 0.870928 0.752510
vt 0.887159 0.723442
vt 0.790639 0.975671
vt 0.790878 0.982001
vt 0.804806 0.980552
vt 0.804974 0.974748
vt 0.755090 0.922200
vt 0.745683 0.872718
vt 0.726836 0.872942
vt 0.740311 0.923598
vt 0.788301 0.918335
vt 0.771738 0.919945
vt 0.777127 0.975198
vt 0.765803 0.977912
vt 0.804233 0.917884
vt 0.784309 0.786633
vt 0.708264 0.799744
vt 0.674587 0.746786
vt 0.647162 0.771559
vt 0.678664 0.810213
vt 0.808486 0.732916
vt 0.719536 0.840437
vt 0.738298 0.834423
vt 0.762311 0.835020
vt 0.786894 0.837539
vt 0.809379 0.850093
vt 0.827005 0.851512
vt 0.700871 0.861490
vt 0.703457 0.870137
vt 0.726635 0.856971
vt 0.742659 0.854461
vt 0.766846 0.866364
vt 0.762683 0.851324
vt 0.786810 0.861447
vt 0.786955 0.849823
vt 0.862127 0.863152
vt 0.862437 0.855238
vt 0.829766 0.975535
vt 0.828466 0.979811
vt 0.839510 0.982549
vt 0.842232 0.976379
vt 0.765889 0.982438
vt 0.776987 0.981897
vt 0.814164 0.980271
vt 0.814859 0.974971
vt 0.819514 0.917706
vt 0.836347 0.918168
vt 0.851176 0.919998
vt 0.752170 0.980112
vt 0.719983 0.926654
vt 0.735480 0.982772
vt 0.724477 0.719852
vt 0.697475 0.855134
vt 0.689779 0.727739
vt 0.469286 0.834140
vt 0.478400 0.869197
vt 0.514441 0.868508
vt 0.523942 0.834462
vt 0.418691 0.874609
vt 0.418966 0.833744
vt 0.369287 0.912764
vt 0.322629 0.911085
vt 0.322629 0.933717
vt 0.368281 0.940277
vt 0.391501 0.978467
vt 0.417353 0.975060
vt 0.412483 0.944910
vt 0.365264 0.962983
vt 0.373832 0.984701
vt 0.530190 0.877097
vt 0.586993 0.875425
vt 0.587523 0.835774
vt 0.184428 0.655803
vt 0.189498 0.607101
vt 0.134296 0.612899
vt 0.132059 0.657576
vt 0.100832 0.428102
vt 0.091648 0.507502
vt 0.136837 0.505775
vt 0.139440 0.429033
vt 0.470414 0.064650
vt 0.465887 0.162215
vt 0.429618 0.158024
vt 0.451191 0.062432
vt 0.427746 0.059809
vt 0.428027 0.024827
vt 0.452822 0.021845
vt 0.410935 0.913166
vt 0.611255 0.964579
vt 0.641136 0.957774
vt 0.641136 0.938662
vt 0.593546 0.940638
vt 0.516110 0.764006
vt 0.465498 0.765626
vt 0.511740 0.700913
vt 0.460221 0.702809
vt 0.417694 0.703312
vt 0.416808 0.765323
vt 0.373928 0.702711
vt 0.368439 0.765476
vt 0.584571 0.759979
vt 0.641136 0.830902
vt 0.641136 0.757595
vt 0.582286 0.695426
vt 0.641136 0.690816
vt 0.322629 0.946735
vt 0.351183 0.950355
vt 0.369689 0.873718
vt 0.366850 0.830844
vt 0.322629 0.831067
vt 0.322629 0.871888
vt 0.574975 0.981998
vt 0.594860 0.986653
vt 0.543888 0.918036
vt 0.588498 0.909758
vt 0.641136 0.914311
vt 0.641136 0.872559
vt 0.414878 0.683741
vt 0.375288 0.683347
vt 0.463557 0.681745
vt 0.586166 0.676442
vt 0.641136 0.673314
vt 0.318642 0.524150
vt 0.313674 0.542994
vt 0.346704 0.547977
vt 0.346704 0.501743
vt 0.613575 0.664300
vt 0.641136 0.664300
vt 0.186382 0.548613
vt 0.135898 0.553838
vt 0.184072 0.500931
vt 0.244970 0.491415
vt 0.233533 0.417576
vt 0.186703 0.424374
vt 0.051353 0.411660
vt 0.032946 0.488568
vt 0.283533 0.410995
vt 0.292266 0.483335
vt 0.346704 0.471314
vt 0.314884 0.397742
vt 0.247699 0.629679
vt 0.249763 0.657500
vt 0.309721 0.658433
vt 0.313318 0.632782
vt 0.249759 0.523898
vt 0.080615 0.563298
vt 0.242400 0.317267
vt 0.212198 0.320008
vt 0.187539 0.342383
vt 0.494178 0.064483
vt 0.495023 0.162997
vt 0.564209 0.062023
vt 0.587489 0.155487
vt 0.553965 0.159822
vt 0.540086 0.063273
vt 0.075593 0.313102
vt 0.073402 0.331084
vt 0.110647 0.357513
vt 0.116621 0.321457
vt 0.396548 0.148995
vt 0.346704 0.659269
vt 0.346704 0.638068
vt 0.316329 0.599552
vt 0.254445 0.540235
vt 0.248800 0.595234
vt 0.346704 0.603008
vt 0.140608 0.358490
vt 0.522841 0.062366
vt 0.532467 0.161218
vt 0.545911 0.949172
vt 0.141860 0.321956
vt 0.186104 0.322237
vt 0.278346 0.323631
vt 0.271973 0.308183
vt 0.007159 0.506484
vt 0.046382 0.526963
vt 0.057164 0.557206
vt 0.068856 0.622396
vt 0.240209 0.277133
vt 0.211927 0.278358
vt 0.211570 0.294689
vt 0.241643 0.294145
vt 0.187701 0.277176
vt 0.189200 0.294363
vt 0.552058 0.664300
vt 0.956103 0.398017
vt 0.989564 0.446923
vt 0.979078 0.452209
vt 0.949218 0.414453
vt 0.923179 0.495225
vt 0.929375 0.528134
vt 0.911502 0.542972
vt 0.896444 0.503759
vt 0.888426 0.449048
vt 0.881524 0.444136
vt 0.914309 0.402393
vt 0.920635 0.416305
vt 0.948370 0.491780
vt 0.987548 0.489909
vt 0.982075 0.524689
vt 0.940219 0.547611
vt 0.937594 0.524486
vt 0.988932 0.526734
vt 0.995414 0.489972
vt 0.874955 0.509154
vt 0.895989 0.552079
vt 0.885662 0.558869
vt 0.867796 0.509725
vt 0.940470 0.569813
vt 0.925084 0.573036
vt 0.927907 0.558457
vt 0.933860 0.557788
vt 0.922174 0.556552
vt 0.913130 0.566233
vt 0.964667 0.575983
vt 0.947382 0.586148
vt 0.954101 0.565013
vt 0.978476 0.554960
vt 0.966919 0.548279
vt 0.900590 0.580246
vt 0.921584 0.588765
vt 0.591875 0.051815
vt 0.604495 0.019453
vt 0.629049 0.019453
vt 0.645439 0.049952
vt 0.956009 0.445549
vt 0.914242 0.449525
vt 0.639108 0.136205
vt 0.599298 0.134601
vt 0.597439 0.110686
vt 0.653018 0.097905
vt 0.590014 0.081426
vt 0.636578 0.158110
vt 0.598069 0.156585
vt 0.627897 0.175404
vt 0.602575 0.173527
vt 0.898682 0.766448
vt 0.622303 0.981263
vt 0.641136 0.974011
vt 0.355869 0.971774
vt 0.346828 0.960420
vt 0.346077 0.962864
vt 0.353873 0.972606
vt 0.363095 0.990767
vt 0.360156 0.990479
vt 0.606816 0.994954
vt 0.322629 0.956364
vt 0.755847 0.696135
vt 0.322629 0.766145
vt 0.322629 0.702939
vt 0.322629 0.682735
vt 0.077433 0.659325
vt 0.739180 0.988250
vt 0.753455 0.983546
vt 0.525118 0.029245
vt 0.506734 0.007753
vt 0.539846 0.030812
vt 0.569817 0.028285
vt 0.468985 0.020711
vt 0.482405 0.014129
vt 0.436131 0.664300
vt 0.379631 0.664300
vt 0.322629 0.664300
vt 0.624063 0.984752
vt 0.641136 0.978121
vt 0.609970 0.997708
vt 0.322629 0.958513
vt 0.539847 0.983058
vt 0.143028 0.293880
vt 0.119996 0.293979
vt 0.270693 0.292036
vt 0.075984 0.292281
vt 0.120309 0.275506
vt 0.144172 0.275150
vt 0.081122 0.271724
vt 0.267370 0.271724
vt 0.816941 0.706503
vt 0.784181 0.702656
vt 0.926407 0.991594
vt 0.925238 0.985982
vt 0.938954 0.987502
vt 0.938574 0.992835
vt 0.946838 0.734127
vt 0.964237 0.732715
vt 0.962589 0.743732
vt 0.962609 0.754636
vt 0.949281 0.759206
vt 0.941810 0.705580
vt 0.935654 0.734470
vt 0.933667 0.707259
vt 0.949059 0.771119
vt 0.935208 0.775520
vt 0.935796 0.760266
vt 0.919524 0.732110
vt 0.921326 0.707595
vt 0.920228 0.771343
vt 0.919652 0.758528
vt 0.910488 0.730820
vt 0.915003 0.707011
vt 0.909666 0.765918
vt 0.909959 0.756545
vt 0.911185 0.843632
vt 0.915044 0.863219
vt 0.902245 0.865986
vt 0.895867 0.853130
vt 0.920911 0.896106
vt 0.920865 0.909653
vt 0.913669 0.905242
vt 0.912911 0.895527
vt 0.929184 0.911401
vt 0.952313 0.845578
vt 0.957221 0.867828
vt 0.938557 0.866211
vt 0.938529 0.845438
vt 0.937782 0.897532
vt 0.957717 0.897615
vt 0.945648 0.911739
vt 0.965333 0.845911
vt 0.968228 0.867377
vt 0.954746 0.912479
vt 0.960473 0.905946
vt 0.989585 0.749868
vt 0.988836 0.745832
vt 0.991753 0.745836
vt 0.992394 0.750405
vt 0.902245 0.958487
vt 0.896647 0.958883
vt 0.900081 0.954430
vt 0.931823 0.979889
vt 0.921390 0.979873
vt 0.926992 0.974827
vt 0.952713 0.968015
vt 0.949339 0.964122
vt 0.953188 0.962962
vt 0.967526 0.955461
vt 0.963318 0.953166
vt 0.967224 0.950908
vt 0.967227 0.905900
vt 0.968760 0.897251
vt 0.977760 0.897561
vt 0.975547 0.907684
vt 0.974611 0.843468
vt 0.979139 0.869856
vt 0.964073 0.762454
vt 0.963579 0.785393
vt 0.949936 0.791230
vt 0.917263 0.931725
vt 0.909528 0.927445
vt 0.896878 0.901405
vt 0.903999 0.902754
vt 0.902534 0.925421
vt 0.895362 0.924720
vt 0.963128 0.807182
vt 0.949958 0.809765
vt 0.915029 0.936869
vt 0.909320 0.950031
vt 0.904428 0.945389
vt 0.908812 0.931209
vt 0.901470 0.929296
vt 0.899872 0.943827
vt 0.893013 0.943239
vt 0.935261 0.794277
vt 0.928998 0.934880
vt 0.935008 0.811044
vt 0.916913 0.939061
vt 0.928737 0.941323
vt 0.928050 0.959227
vt 0.919126 0.958898
vt 0.920586 0.790117
vt 0.955213 0.931740
vt 0.946792 0.935184
vt 0.920373 0.806774
vt 0.948475 0.952348
vt 0.946835 0.937929
vt 0.955212 0.935548
vt 0.955332 0.949645
vt 0.909976 0.784456
vt 0.973479 0.926394
vt 0.967857 0.925415
vt 0.961298 0.926783
vt 0.910510 0.801337
vt 0.972931 0.941170
vt 0.968470 0.942387
vt 0.968474 0.929142
vt 0.956521 0.935027
vt 0.961736 0.930551
vt 0.963476 0.943699
vt 0.960202 0.947806
vt 0.949172 0.704394
vt 0.963907 0.693649
vt 0.969311 0.707600
vt 0.957454 0.714818
vt 0.955248 0.723783
vt 0.895426 0.894677
vt 0.891142 0.895392
vt 0.892283 0.887863
vt 0.891249 0.874195
vt 0.902679 0.893658
vt 0.886055 0.864317
vt 0.968031 0.723958
vt 0.974957 0.719483
vt 0.984764 0.741769
vt 0.986575 0.748656
vt 0.981060 0.745287
vt 0.884092 0.894444
vt 0.882597 0.889924
vt 0.880037 0.886609
vt 0.876201 0.881780
vt 0.986557 0.736051
vt 0.981528 0.738246
vt 0.938344 0.935684
vt 0.938434 0.941539
vt 0.937901 0.912690
vt 0.941236 0.954033
vt 0.939178 0.940291
vt 0.948987 0.961574
vt 0.943333 0.965025
vt 0.944149 0.970696
vt 0.968535 0.948195
vt 0.965165 0.949386
vt 0.971290 0.949076
vt 0.933576 0.974097
vt 0.927610 0.973248
vt 0.921467 0.973756
vt 0.901001 0.952946
vt 0.898405 0.951278
vt 0.893967 0.950351
vt 0.976680 0.742364
vt 0.876876 0.888743
vt 0.879587 0.892448
vt 0.875034 0.895198
vt 0.871092 0.893858
vt 0.975642 0.747989
vt 0.989336 0.753665
vt 0.985508 0.752407
vt 0.882268 0.894853
vt 0.873744 0.884335
vt 0.988400 0.739820
vt 0.978878 0.750089
vt 0.877662 0.897095
vt 0.870165 0.889619
vt 0.962005 0.815777
vt 0.950732 0.821715
vt 0.935284 0.824487
vt 0.936421 0.959738
vt 0.921473 0.814627
vt 0.955070 0.956664
vt 0.911363 0.811852
vt 0.958056 0.991770
vt 0.949381 0.987929
vt 0.960028 0.982442
vt 0.963981 0.989791
vt 0.902847 0.981838
vt 0.911267 0.983489
vt 0.902241 0.989560
vt 0.950043 0.994484
vt 0.878375 0.971278
vt 0.890446 0.974582
vt 0.884626 0.981783
vt 0.877584 0.979830
vt 0.973392 0.971278
vt 0.974162 0.982926
vt 0.869257 0.978570
vt 0.460582 0.228067
vt 0.421934 0.221779
vt 0.492680 0.228063
vt 0.537860 0.228067
vt 0.560673 0.227432
vt 0.599875 0.216549
vt 0.386120 0.211460
vt 0.922916 0.824753
vt 0.960283 0.955886
vt 0.958011 0.963276
vt 0.610307 0.550755
vt 0.612794 0.563298
vt 0.076344 0.552418
vt 0.088077 0.556720
vt 0.060436 0.569487
vt 0.632973 0.569487
vn -0.353004 0.877580 0.324410
vn -0.110464 -0.669371 -0.734670
vn 0.494607 -0.347963 0.796420
vn -0.501661 0.561948 0.657686
vn -0.287072 -0.466115 -0.836855
vn 0.829431 0.057605 0.555630
vn -0.889535 0.452181 -0.065271
vn 0.080442 -0.859261 -0.505173
vn 0.680951 -0.192839 0.706484
vn -0.565949 0.822691 -0.053686
vn 0.332258 -0.556090 -0.761819
vn 0.476771 0.579872 0.660635
vn -0.889535 0.452181 -0.065271
vn 0.085151 0.020012 -0.996167
vn 0.718441 0.695447 0.013980
vn -0.648841 0.488594 -0.583336
vn 0.703799 -0.418094 -0.574339
vn 0.862577 0.505823 0.010172
vn -0.896971 0.163999 0.410545
vn -0.805373 -0.504478 -0.311249
vn 0.575038 -0.656218 0.488579
vn -0.803246 0.487851 0.341755
vn -0.586521 -0.765871 -0.263506
vn 0.287581 -0.601688 0.745163
vn -0.414114 0.187759 0.890649
vn -0.341427 -0.939031 -0.040602
vn 0.118398 -0.040251 0.992150
vn -0.999710 0.012293 0.020697
vn -0.238977 -0.970782 0.021755
vn 0.023234 -0.431444 0.901841
vn -0.990487 0.120595 -0.066272
vn -0.341427 -0.939031 -0.040602
vn 0.121974 0.619753 0.775260
vn -0.999710 0.012293 0.020697
vn 0.999425 -0.000681 0.033898
vn -0.053276 0.998378 0.020055
vn 0.000013 -0.169584 -0.985516
vn 0.685553 -0.715639 0.133709
vn -0.023841 0.075872 0.996832
vn -0.713151 -0.134179 -0.688049
vn 0.967919 -0.005046 0.251210
vn -0.337317 0.773301 0.536864
vn -0.713151 -0.134179 -0.688049
vn 0.977465 -0.004239 0.211055
vn -0.197444 0.980116 0.019687
vn -0.932715 0.015671 0.360273
vn -0.471450 -0.881589 0.023146
vn 0.574389 0.818417 0.016448
vn -0.227492 -0.966524 -0.118652
vn 0.034496 -0.303994 0.952049
vn -0.967782 0.251739 0.005045
vn 0.000004 -0.964015 -0.265847
vn -0.310019 -0.821468 -0.478621
vn 0.413393 0.044718 0.909454
vn -0.990487 0.120595 -0.066272
vn -0.444095 -0.872121 -0.205389
vn 0.450948 0.016708 0.892394
vn -0.890120 0.451373 -0.062845
vn 0.593030 -0.639142 -0.489707
vn 0.441033 0.560405 0.701025
vn -0.992129 0.114404 -0.050900
vn 0.838506 0.010944 -0.544782
vn 0.356502 0.509256 0.783303
vn -0.747501 0.264284 -0.609423
vn 0.779361 0.012585 -0.626449
vn 0.484083 -0.549711 0.680795
vn -0.896971 0.163999 0.410545
vn -0.675644 -0.734961 -0.057781
vn -0.915560 -0.300516 0.267283
vn -0.271778 -0.925929 0.262283
vn -0.269607 -0.400390 0.875785
vn -0.908048 -0.155925 0.388762
vn -0.000006 0.904309 0.426878
vn -0.288908 -0.455715 -0.841936
vn 0.575038 -0.656218 0.488579
vn -0.000011 0.594404 0.804167
vn -0.408617 0.018331 -0.912522
vn 0.213465 -0.976754 -0.019619
vn -0.535264 0.279802 0.796997
vn -0.841064 -0.433787 -0.323173
vn 0.205735 -0.978410 -0.019652
vn -0.000012 0.279110 0.960259
vn -0.707969 -0.437346 -0.554534
vn 0.575038 -0.656218 0.488579
vn -0.535264 0.279802 0.796997
vn -0.900026 -0.327152 -0.287967
vn 0.998564 0.053568 0.001089
vn -0.515862 0.844016 0.146709
vn -0.151427 0.019853 -0.988269
vn 0.868424 0.051131 0.493179
vn -0.565949 0.822691 -0.053686
vn 0.044609 -0.321401 -0.945892
vn 0.985837 -0.060730 0.156324
vn -0.727823 0.685362 0.023515
vn -0.035762 -0.300528 -0.953102
vn 0.993605 -0.065890 0.091695
vn -0.136183 0.988233 0.069646
vn -0.008782 -0.773581 -0.633636
vn 0.835467 -0.072083 0.544792
vn -0.000001 0.995937 0.090048
vn -0.050041 -0.069094 -0.996354
vn 0.994194 -0.062791 0.087383
vn -0.000001 0.995573 0.093996
vn -0.065835 -0.321426 -0.944643
vn 0.998456 0.055543 0.001129
vn 0.000006 0.875915 -0.482465
vn -0.012859 -0.355412 0.934621
vn -0.656554 -0.436339 0.615260
vn -0.617473 -0.673678 0.406061
vn -0.140431 0.069718 0.987633
vn -0.916251 -0.110137 -0.385166
vn -0.617582 -0.673938 0.405462
vn -0.237974 -0.019508 0.971076
vn -0.810846 -0.585142 -0.011765
vn -0.356233 -0.663124 0.658304
vn -0.715911 0.073210 0.694342
vn -0.999818 0.019068 0.000370
vn -0.559170 -0.725626 0.400993
vn -0.354562 -0.934058 -0.042684
vn -0.096524 -0.421983 0.901451
vn -0.531217 -0.709779 0.462625
vn -0.401944 -0.611138 0.681874
vn -0.553971 -0.444460 0.703968
vn -0.908347 -0.044468 0.415847
vn -0.894526 -0.441714 0.068645
vn -0.786496 -0.357271 0.503767
vn -0.000009 -0.706603 0.707610
vn -0.908537 -0.411137 0.074342
vn -0.001435 -0.908630 0.417600
vn -0.356233 -0.663124 0.658304
vn -0.548206 -0.660776 0.512684
vn 0.001182 -0.578479 0.815697
vn -0.363913 -0.692253 0.623180
vn -0.648858 -0.448938 0.614359
vn -0.000277 -0.533859 0.845573
vn -0.535264 0.279802 0.796997
vn -0.454772 -0.865550 -0.209774
vn 0.240899 -0.594392 0.767246
vn -0.531217 -0.709779 0.462625
vn -0.416422 -0.298618 0.858732
vn -0.917795 -0.147806 0.368519
vn -0.398668 -0.910851 0.106840
vn -0.130302 -0.315526 0.939928
vn -0.968043 0.095619 0.231842
vn -0.713151 -0.134179 -0.688049
vn 0.639672 -0.732201 0.233883
vn -0.113207 -0.751703 0.649713
vn -0.348126 0.278527 0.895115
vn -0.875037 -0.368895 -0.313412
vn 0.305451 -0.704410 0.640708
vn -0.640332 0.275209 0.717102
vn -0.654953 -0.694181 -0.298579
vn 0.269595 -0.728551 0.629708
vn -0.348126 0.278527 0.895115
vn -0.948679 0.006351 -0.316176
vn 0.316228 -0.948492 -0.019050
vn -0.375127 0.288291 0.881004
vn -0.655129 -0.718734 -0.232869
vn -0.110287 -0.144035 0.983408
vn -0.969597 -0.176382 0.169619
vn -0.174960 -0.972257 0.155257
vn -0.156315 -0.174768 0.972122
vn -0.962755 -0.244027 0.116423
vn 0.258067 -0.899046 0.353720
vn -0.324668 0.173063 0.929860
vn -0.931607 -0.342500 0.121659
vn -0.120521 -0.967876 0.220661
vn -0.175469 -0.142671 0.974092
vn -0.931645 -0.342513 0.121339
vn -0.132308 -0.934208 0.331285
vn -0.379202 -0.180923 0.907454
vn -0.900883 -0.406746 0.151551
vn -0.182312 -0.866366 0.464944
vn -0.788064 -0.214092 0.577166
vn -0.531889 -0.839320 0.112409
vn -0.162364 -0.905425 0.392229
vn -0.403259 0.569153 0.716552
vn -0.719531 -0.381999 -0.579959
vn 0.478006 -0.805569 0.350098
vn -0.331992 0.255902 0.907907
vn -0.000003 -0.977763 0.209713
vn -0.124266 -0.596778 0.792726
vn -0.781878 -0.166269 0.600851
vn -0.000003 -0.970581 0.240774
vn -0.132661 -0.885181 0.445933
vn -0.136052 -0.390822 0.910356
vn -0.979942 -0.141823 0.140000
vn -0.159829 -0.982995 0.090419
vn -0.157191 -0.188752 0.969362
vn -0.005938 -0.999743 -0.021875
vn -0.000013 -0.018968 0.999820
vn -0.999999 0.000570 -0.001118
vn -0.009709 -0.999672 -0.023689
vn 0.001756 0.140392 0.990094
vn -0.999980 0.001727 0.006158
vn 0.018018 -0.938042 -0.346054
vn 0.009044 -0.283891 0.958814
vn -0.966723 -0.192060 -0.168996
vn -0.008661 -0.999761 -0.020084
vn -0.000013 -0.020084 0.999798
vn -1.000000 -0.000000 -0.000013
vn 0.001117 -0.999787 -0.020632
vn -0.000013 0.140773 0.990042
vn -0.966009 -0.194073 -0.170768
vn -0.205068 -0.955119 0.213762
vn -0.236495 0.047339 0.970479
vn -0.939484 -0.297702 -0.169537
vn 0.160941 -0.941189 0.297088
vn -0.249239 0.142666 0.957876
vn -0.685768 0.093929 0.721733
vn -0.712437 -0.009693 -0.701669
vn 0.685204 -0.715988 0.133626
vn -0.146703 0.075073 0.986328
vn -0.986617 -0.064071 -0.149939
vn 0.149194 -0.988187 0.035026
vn -0.065967 -0.253172 0.965170
vn -0.989197 0.005838 -0.146477
vn -0.042795 -0.998279 -0.040083
vn -0.024259 -0.256997 0.966108
vn -0.971501 -0.033241 0.234693
vn 0.186617 -0.982154 -0.023415
vn 0.044582 -0.061610 0.997104
vn -0.989197 0.005838 -0.146477
vn 0.197763 -0.979966 -0.023591
vn 0.046988 0.618961 0.784015
vn 0.000013 0.041428 -0.999141
vn 0.657241 -0.751182 -0.061310
vn 0.046994 0.670926 0.740033
vn 0.000013 0.039304 -0.999227
vn 0.964965 -0.261102 -0.025846
vn -0.886029 -0.256176 0.386429
vn -0.412227 -0.873750 0.258129
vn -0.289920 -0.304139 0.907439
vn -0.917569 -0.297075 0.264222
vn 0.125816 -0.964731 0.231223
vn -0.249657 0.142661 0.957768
vn -0.803448 -0.364630 0.470655
vn -0.630691 -0.705789 0.322631
vn -0.275642 -0.429582 0.859931
vn -0.875264 -0.267235 0.403112
vn -0.559170 -0.725626 0.400993
vn -0.273192 -0.959874 0.063316
vn -0.186248 -0.290943 0.938437
vn -0.945355 -0.221883 0.238896
vn -0.243319 -0.949521 0.198006
vn -0.226013 -0.312203 0.922739
vn -0.921954 -0.237900 0.305621
vn -0.325340 -0.917865 0.227329
vn -0.255236 -0.302689 0.918278
vn -0.892437 -0.360777 0.270917
vn -0.830321 -0.363293 0.422594
vn -0.279910 -0.824151 0.492367
vn -0.495185 -0.372392 0.784930
vn -0.691903 -0.385236 0.610625
vn -0.394593 -0.337898 0.854471
vn -0.934094 -0.074792 0.349104
vn -0.325340 -0.917865 0.227329
vn -0.244787 -0.329604 0.911833
vn -0.947791 -0.094710 0.304502
vn -0.861514 -0.507494 -0.015601
vn 0.331165 -0.851646 0.406238
vn -0.545239 -0.577905 0.607240
vn -0.899285 -0.346466 0.266922
vn -0.026610 -0.946948 0.320284
vn -0.354395 -0.290307 0.888890
vn -0.988323 -0.116718 0.097951
vn -0.099877 -0.994799 -0.019985
vn -0.339251 -0.045486 0.939596
vn -0.379292 -0.925262 -0.005362
vn 0.353424 -0.345903 0.869162
vn -0.920560 0.164229 0.354398
vn -0.349579 -0.935636 0.048791
vn -0.012272 -0.944415 0.328528
vn -0.529839 0.644653 0.551084
vn -0.756714 -0.560111 -0.337135
vn 0.309876 -0.900654 0.304631
vn -0.344646 0.108478 0.932444
vn -0.939630 -0.323594 -0.111276
vn 0.126208 -0.939708 0.317838
vn -0.339251 -0.045486 0.939596
vn -0.999088 0.000857 -0.042701
vn 0.121665 -0.919361 0.374130
vn -0.114739 -0.120118 0.986107
vn -0.956666 -0.006083 0.291125
vn 0.042872 -0.994530 0.095247
vn -0.000013 -0.111698 0.993742
vn 0.044735 -0.313884 -0.948407
vn 0.907699 -0.419538 -0.008416
vn 0.352995 0.877580 0.324419
vn -0.547459 0.690081 -0.473368
vn 0.494628 -0.315698 -0.809740
vn 0.515858 0.844016 0.146722
vn -0.287073 0.499348 -0.817460
vn 0.697859 -0.260170 -0.667311
vn 0.889536 0.452181 -0.065248
vn 0.102200 0.790398 -0.604009
vn 0.839391 -0.121954 -0.529670
vn 0.565950 0.822691 -0.053672
vn 0.093709 0.829344 -0.550823
vn 0.476898 0.606419 -0.636258
vn 0.361945 0.859814 -0.360161
vn 0.085151 0.020012 -0.996167
vn 0.856077 0.380125 -0.350196
vn 0.648856 0.488594 -0.583319
vn 0.779361 0.012585 -0.626449
vn 0.736840 0.675930 0.013588
vn 0.896960 0.163999 0.410568
vn -0.426183 0.656800 -0.622079
vn 0.575051 -0.636067 -0.514524
vn 0.535243 0.279802 0.797011
vn -0.586521 0.775835 -0.232536
vn 0.289294 -0.859011 -0.422385
vn 0.778574 0.160767 0.606611
vn -0.020690 0.997467 0.068053
vn 0.120351 -0.310655 -0.942873
vn 0.932706 0.015672 0.360297
vn -0.223816 0.972893 0.058183
vn 0.012910 -0.394951 -0.918612
vn 0.932706 0.015672 0.360297
vn 0.068669 0.992683 -0.099322
vn 0.053853 -0.177785 -0.982595
vn 0.182194 0.449615 -0.874444
vn -0.413438 0.817772 -0.400397
vn -0.984661 0.174078 -0.011836
vn 0.172892 -0.477236 -0.861600
vn -0.248012 0.866692 -0.432822
vn -0.086303 -0.497368 -0.863236
vn 0.380791 0.472142 -0.795035
vn 0.477432 0.835835 -0.270994
vn -0.998425 -0.025895 0.049778
vn 0.358199 0.184342 -0.915266
vn -0.551424 0.727904 -0.407538
vn -0.996992 0.041881 0.065210
vn 0.305625 0.939448 -0.155019
vn -0.806111 -0.346296 0.479858
vn -0.549252 0.700738 0.455290
vn 0.791463 -0.521492 -0.318798
vn -0.167901 0.330026 0.928920
vn -0.997198 -0.058331 -0.046828
vn 0.878802 -0.327815 -0.346764
vn -0.850293 -0.404550 0.336660
vn -0.435745 -0.787035 -0.436695
vn -0.342792 0.365537 -0.865377
vn -0.935729 -0.348627 -0.053586
vn -0.290473 -0.574797 -0.765006
vn -0.480889 -0.184507 -0.857148
vn -0.827330 -0.116806 -0.549437
vn -0.313686 -0.560861 -0.766183
vn -0.330778 0.398202 -0.855582
vn -0.759003 -0.033981 -0.650199
vn -0.948186 -0.086932 -0.305590
vn -0.490364 -0.197165 -0.848922
vn 0.286773 0.556055 -0.780105
vn 0.640563 -0.101202 -0.761208
vn 0.872483 0.472818 0.123354
vn -0.995379 0.053265 0.079898
vn -0.450093 -0.892908 0.011458
vn 0.953684 0.267320 -0.137938
vn -0.244439 0.477061 0.844194
vn -0.029811 -0.961007 0.274914
vn -0.851322 0.435403 0.292703
vn -0.498070 -0.815186 0.295631
vn 0.556721 -0.137009 -0.819323
vn -0.844036 0.535013 0.036932
vn -0.074605 -0.991775 -0.104000
vn 0.776962 -0.312003 -0.546795
vn -0.229969 0.969978 0.079100
vn 0.100038 -0.767607 0.633066
vn 0.946766 0.036347 -0.319863
vn -0.153933 0.825063 0.543669
vn -0.545257 -0.664919 0.510468
vn 0.336377 -0.341970 -0.877443
vn -0.242202 0.913233 0.327632
vn -0.179210 -0.596045 0.782696
vn -0.151180 -0.068594 -0.986123
vn -0.722987 0.667426 0.178414
vn -0.776603 -0.629302 0.029440
vn -0.323266 0.231704 -0.917503
vn -0.837281 0.412338 -0.359078
vn -0.235170 -0.626758 -0.742879
vn -0.179205 0.329636 -0.926944
vn -0.966834 0.149287 0.207233
vn -0.547991 -0.806758 -0.221016
vn 0.482666 0.367198 -0.795109
vn -0.348197 0.849112 0.397199
vn -0.099620 0.695429 -0.711656
vn 0.689296 0.336886 -0.641389
vn -0.052225 0.854287 0.517171
vn -0.132796 0.609928 -0.781251
vn 0.993772 0.012947 -0.110675
vn 0.123766 0.793729 0.595548
vn -0.164755 0.774835 -0.610317
vn 0.705497 0.703957 0.081966
vn -0.670189 0.698017 0.252226
vn 0.282290 -0.441946 0.851467
vn -0.778780 -0.144083 -0.610526
vn 0.720790 -0.692690 0.025327
vn -0.672873 -0.468134 0.572794
vn -0.908180 -0.311777 0.279294
vn 0.177904 -0.801341 0.571142
vn -0.276035 0.816443 0.507174
vn -0.927096 0.371824 -0.047325
vn 0.399982 -0.570516 0.717305
vn -0.303271 0.948080 0.095765
vn -0.933284 0.336182 -0.126346
vn 0.487631 -0.118675 0.864947
vn 0.141338 0.804334 -0.577123
vn 0.102967 0.265433 -0.958615
vn 0.769093 -0.508444 0.387274
vn -0.527222 0.116349 0.841725
vn -0.848556 0.160205 -0.504268
vn 0.792690 -0.480922 0.374641
vn -0.372247 0.801974 0.467194
vn 0.049326 -0.097870 -0.993976
vn 0.034670 -0.946251 0.321570
vn -0.658165 0.082028 0.748391
vn 0.010460 -0.490880 -0.871164
vn 0.042678 -0.559817 0.827517
vn -0.558225 0.401270 0.726201
vn 0.014711 -0.652690 -0.757482
vn 0.363489 -0.794948 0.485730
vn -0.607149 0.386553 0.694224
vn -0.561192 -0.254185 -0.787688
vn 0.541700 -0.013985 0.840455
vn -0.558662 0.829394 -0.001502
vn 0.244092 -0.275066 -0.929924
vn 0.638861 -0.768284 0.039957
vn -0.548452 -0.206517 0.810278
vn -0.960058 0.139987 -0.242267
vn 0.405293 -0.912786 -0.050598
vn -0.115980 -0.091313 0.989045
vn -0.977095 0.170042 -0.127950
vn 0.714243 0.182507 -0.675684
vn 0.620725 0.610717 0.491656
vn -0.305284 -0.249179 -0.919082
vn 0.654301 0.026470 0.755771
vn -0.879758 0.474953 -0.021097
vn 0.310551 -0.811543 -0.494931
vn 0.646505 0.191354 0.738522
vn -0.706549 0.683156 -0.184624
vn 0.290297 -0.564222 -0.772905
vn 0.513792 0.547832 0.660225
vn -0.954066 0.002822 -0.299583
vn 0.319878 -0.947049 -0.027881
vn 0.002792 0.292271 0.956331
vn -0.560267 0.446716 -0.697528
vn -0.588472 -0.767924 -0.252970
vn 0.853075 -0.383285 0.354056
vn 0.179940 0.502047 -0.845914
vn -0.709747 -0.677794 -0.191975
vn 0.793450 -0.450970 0.408732
vn 0.312624 0.551660 -0.773264
vn -0.574926 -0.584348 -0.572711
vn 0.532040 -0.745123 0.402150
vn 0.222627 0.671674 -0.706606
vn -0.371877 -0.312733 -0.874017
vn 0.914867 -0.362579 0.177639
vn -0.121708 0.935841 0.330741
vn -0.634648 -0.625749 -0.453498
vn 0.851762 -0.321577 0.413630
vn 0.114062 0.730217 0.673626
vn -0.852496 0.260645 -0.453117
vn 0.780495 -0.518125 0.349821
vn -0.159122 0.491749 0.856074
vn -0.042074 0.827928 -0.559253
vn 0.798006 -0.192352 -0.571127
vn 0.515967 0.021115 0.856348
vn -0.290369 0.765192 -0.574602
vn -0.372190 -0.900189 0.226130
vn 0.106487 0.939874 0.324497
vn -0.957626 0.050024 -0.283636
vn 0.444976 -0.820381 0.359126
vn -0.168691 0.690808 0.703084
vn -0.166698 -0.259271 -0.951310
vn 0.957460 -0.200705 0.207336
vn -0.079880 0.976886 -0.198276
vn -0.061353 -0.184965 -0.980828
vn -0.348948 -0.368090 0.861827
vn -0.199194 -0.554432 0.808039
vn -0.930680 0.336321 -0.143954
vn 0.547923 -0.745275 -0.379929
vn 0.167630 0.207770 0.963707
vn -0.924796 0.305651 -0.226559
vn -0.239857 -0.849306 -0.470263
vn -0.196724 -0.426317 0.882923
vn -0.960935 0.257023 -0.102680
vn -0.278620 -0.887526 -0.366973
vn -0.208104 -0.439139 0.873985
vn -0.910120 0.385762 -0.151228
vn 0.000017 -0.962501 -0.271279
vn 0.120028 -0.420373 0.899378
vn -0.909233 -0.376668 0.177245
vn 0.231882 -0.970930 -0.059380
vn -0.126558 -0.429976 0.893926
vn -0.968825 -0.243338 0.046531
vn -0.180927 -0.983180 -0.024942
vn -0.184684 -0.386561 0.903583
vn -0.774816 0.272308 -0.570534
vn 0.974213 -0.004980 -0.225575
vn 0.698102 0.669190 0.254634
vn -0.231070 0.852928 -0.468103
vn 0.963092 0.000645 -0.269171
vn 0.158113 0.935844 0.314954
vn -0.173808 0.358058 -0.917380
vn 0.986517 -0.023492 -0.161966
vn -0.230399 0.919830 0.317536
vn -0.142149 0.032041 -0.989327
vn 0.996590 0.040505 -0.071888
vn 0.191596 0.945154 0.264527
vn -0.026582 0.867754 -0.496283
vn 0.964036 0.074896 -0.254999
vn 0.165399 0.931191 0.324849
vn 0.019091 0.876428 -0.481155
vn 0.108170 0.496467 -0.861289
vn 0.872168 0.426361 0.239875
vn 0.021133 0.892345 -0.450858
vn 0.702725 0.238024 -0.670464
vn 0.967570 0.251394 -0.024696
vn -0.947576 -0.201898 -0.247663
vn 0.442323 -0.896608 -0.021080
vn -0.171676 0.144566 0.974489
vn -0.939606 -0.188144 -0.285906
vn -0.136169 -0.986223 -0.093929
vn -0.188717 -0.388656 0.901850
vn -0.860628 -0.236957 -0.450745
vn 0.442455 -0.895772 -0.042739
vn -0.289435 0.130818 0.948216
vn -0.787217 -0.134587 -0.601810
vn 0.609616 -0.781961 0.130019
vn -0.291541 0.789231 0.540480
vn -0.222592 0.132061 -0.965926
vn 0.943944 -0.204466 0.259159
vn -0.746329 0.366610 0.555509
vn -0.202574 -0.004522 -0.979256
vn 0.899440 -0.411553 0.147076
vn -0.217061 0.931100 0.293151
vn -0.329066 0.144096 -0.933248
vn 0.740499 -0.643459 0.193965
vn -0.803863 0.540390 0.248564
vn -0.785992 -0.107991 -0.608731
vn 0.319254 -0.799282 0.509142
vn 0.061168 0.102274 0.992874
vn -0.116168 -0.939567 0.322055
vn 0.052857 -0.063153 -0.996603
vn -0.174288 0.911133 0.373444
vn -0.479591 -0.743315 0.466343
vn -0.039056 0.136121 -0.989922
vn 0.198044 0.318604 0.926968
vn 0.588462 -0.808433 -0.012213
vn 0.646668 0.098051 -0.756443
vn -0.259195 -0.436798 0.861409
vn -0.239051 -0.822188 -0.516585
vn 0.853777 0.413018 -0.316988
vn 0.407329 0.107092 0.906981
vn 0.227832 -0.969470 0.090666
vn 0.489172 0.793891 -0.361175
vn 0.160903 0.426601 0.890012
vn -0.605121 -0.749222 0.269248
vn -0.135762 0.291001 -0.947041
vn -0.658372 0.510920 0.552727
vn -0.202537 -0.859323 -0.469619
vn 0.647739 0.471780 -0.598213
vn -0.338606 0.221076 0.914588
vn -0.312526 -0.913670 -0.259872
vn 0.565076 0.556543 -0.609057
vn 0.247798 0.005446 0.968797
vn -0.076588 -0.923900 -0.374892
vn 0.633275 0.570400 -0.523075
vn 0.380351 -0.692140 0.613412
vn -0.172382 -0.899038 -0.402512
vn 0.573958 0.418547 -0.703840
vn 0.416484 0.103892 0.903187
vn 0.509003 -0.844163 -0.168237
vn 0.791257 0.411728 -0.452097
vn -0.839841 -0.456676 0.293453
vn -0.763721 0.282831 -0.580291
vn 0.771239 0.190823 0.607270
vn 0.977197 -0.212314 -0.002837
vn 0.974839 0.157579 0.157665
vn 0.257674 -0.573084 0.777932
vn 0.603745 -0.787909 0.121212
vn 0.818699 0.507619 -0.268429
vn 0.103991 -0.080255 0.991335
vn 0.231160 -0.432567 0.871465
vn -0.201430 0.631221 -0.748990
vn 0.785976 -0.098606 -0.610342
vn 0.094744 -0.947716 -0.304725
vn -0.047422 0.622145 -0.781465
vn 0.721109 -0.489492 -0.490305
vn -0.546416 -0.721488 -0.425305
vn -0.111541 0.081591 -0.990405
vn 0.628805 -0.423492 -0.652118
vn -0.219755 -0.407723 -0.886267
vn -0.139346 0.157026 -0.977714
vn -0.083019 -0.787194 -0.611092
vn 0.345370 -0.854169 -0.388734
vn 0.899784 -0.332456 -0.282599
vn 0.884817 -0.429236 0.181261
vn 0.269645 -0.402956 -0.874596
vn 0.630379 0.169436 -0.757571
vn 0.574074 -0.751615 -0.324830
vn 0.118188 -0.707664 -0.696594
vn 0.826383 0.105594 -0.553119
vn 0.716978 -0.619917 0.318818
vn -0.464366 0.078746 -0.882136
vn 0.553623 0.334688 -0.762552
vn -0.039037 -0.673812 -0.737871
vn 0.156274 -0.108147 -0.981775
vn -0.320073 -0.451541 -0.832865
vn 0.241906 -0.633021 -0.735368
vn -0.007800 -0.579410 -0.814999
vn 0.333901 0.202701 -0.920555
vn 0.647172 -0.330962 -0.686755
vn 0.706633 -0.702801 0.082105
vn -0.253467 -0.212898 -0.943625
vn 0.872838 -0.062353 -0.484010
vn -0.228973 -0.400523 -0.887216
vn 0.951748 0.242484 0.188090
vn 0.086398 -0.972968 0.214171
vn -0.152744 -0.468735 -0.870033
vn 0.984579 0.133887 -0.112597
vn 0.759871 -0.294587 -0.579495
vn 0.461994 -0.866613 -0.188531
vn -0.111251 0.299482 -0.947594
vn 0.597173 -0.179213 -0.781836
vn 0.354461 -0.905584 -0.232970
vn 0.998919 0.040741 -0.022388
vn 0.282578 -0.938516 0.198335
vn 0.432336 -0.377655 -0.818818
vn 0.601189 0.127715 -0.788835
vn 0.812567 -0.576343 0.086973
vn 0.276345 -0.261862 -0.924695
vn 0.119546 -0.128809 -0.984437
vn 0.468306 0.630240 0.619264
vn -0.318145 0.548099 0.773545
vn -0.983157 -0.072536 -0.167752
vn -0.652482 0.338240 -0.678131
vn 0.357944 -0.836521 -0.414859
vn 0.948391 0.195085 -0.249993
vn 0.789278 0.531123 -0.308139
vn 0.438466 -0.602000 0.667341
vn 0.740623 -0.157927 -0.653097
vn 0.393005 0.904592 -0.165106
vn 0.561549 -0.507909 0.653216
vn 0.699464 0.672067 0.243056
vn 0.057155 -0.769649 0.635903
vn 0.533800 -0.106163 -0.838920
vn 0.620224 0.723191 0.303835
vn 0.208021 -0.576536 0.790147
vn 0.012053 0.514375 -0.857480
vn 0.529743 -0.031161 -0.847585
vn 0.957122 -0.289404 0.012739
vn 0.078633 -0.843721 -0.530991
vn -0.328510 -0.391141 -0.859703
vn 0.856411 0.281038 -0.433103
vn -0.084256 -0.829293 -0.552426
vn -0.350647 0.200846 -0.914717
vn 0.806717 -0.432130 -0.403077
vn 0.325990 -0.845024 -0.423868
vn -0.313297 -0.464132 -0.828509
vn 0.734782 -0.084951 -0.672963
vn 0.101612 -0.691443 -0.715250
vn 0.535700 -0.844294 0.013911
vn 0.927677 0.086000 -0.363344
vn 0.671514 -0.716465 0.189070
vn 0.969185 -0.127203 -0.210948
vn 0.708328 0.091713 0.699900
vn 0.697416 -0.655618 0.289440
vn 0.934730 0.242458 -0.259796
vn -0.891748 0.366823 0.265001
vn -0.734269 0.114654 -0.669106
vn -0.634857 0.090089 0.767359
vn -0.388250 0.878167 -0.279434
vn -0.744206 0.663496 0.077011
vn -0.904125 0.080602 -0.419597
vn -0.303830 0.526443 0.794068
vn -0.288051 -0.397032 -0.871431
vn -0.855576 -0.517429 0.016028
vn -0.464427 0.883454 -0.061775
vn -0.660409 0.077365 -0.746910
vn -0.698898 0.222794 0.679636
vn -0.034887 0.968281 -0.247416
vn -0.239816 -0.560282 -0.792826
vn -0.884367 0.259011 0.388340
vn -0.831168 -0.125064 0.541774
vn -0.896461 0.207843 -0.391356
vn -0.808531 -0.496567 0.315750
vn -0.788579 -0.208891 0.578366
vn -0.295582 0.804751 -0.514788
vn -0.692831 0.170118 -0.700746
vn -0.928478 -0.283318 -0.240123
vn -0.820466 -0.435720 -0.370112
vn -0.834922 0.549336 -0.033691
vn -0.464992 0.406008 -0.786727
vn -0.809351 -0.478726 -0.340253
vn -0.501292 -0.217156 -0.837586
vn -0.194372 0.821482 0.536085
vn 0.355064 0.173439 -0.918612
vn -0.326688 -0.935409 -0.135225
vn -0.692782 0.679021 0.242865
vn -0.559801 -0.061654 -0.826330
vn -0.951373 -0.289398 0.105535
vn -0.958513 -0.099917 -0.266962
vn -0.828190 -0.051190 0.558104
vn -0.817755 0.041091 -0.574098
vn -0.782935 -0.590262 -0.196479
vn -0.911761 0.291808 -0.289033
vn -0.662480 -0.184829 0.725919
vn -0.127835 0.774426 -0.619614
vn -0.570511 -0.763148 -0.303518
vn -0.164907 0.672459 0.721530
vn 0.744947 -0.641747 -0.182250
vn 0.234195 -0.191443 0.953154
vn 0.999131 -0.020029 0.036549
vn 0.153380 -0.987563 0.034550
vn -0.653605 -0.753225 -0.073840
vn -0.513126 -0.394513 -0.762273
vn -0.913108 -0.321886 -0.250246
vn -0.899796 0.218761 -0.377507
vn -0.907921 0.134136 -0.397098
vn -0.537971 0.795386 -0.279192
vn 0.197450 -0.490579 -0.848732
vn -0.981079 0.055161 0.185582
vn -0.629147 0.682251 -0.372436
vn 0.221613 -0.197459 -0.954933
vn -0.782392 0.215990 0.584133
vn 0.455210 0.530345 -0.715205
vn -0.347420 -0.909426 -0.228567
vn -0.071951 0.503017 0.861276
vn -0.865431 0.495127 -0.076675
vn -0.532333 0.141491 -0.834627
vn -0.754564 -0.541806 -0.370242
vn -0.894733 -0.258210 0.364391
vn -0.853464 0.281061 -0.438867
vn -0.725159 -0.675064 -0.135771
vn -0.730455 -0.673251 0.114754
vn -0.496364 -0.767976 -0.404765
vn -0.179538 -0.946724 0.267356
vn -0.877244 -0.344431 0.334381
vn -0.415002 -0.589117 -0.693336
vn -0.592909 -0.399005 0.699467
vn -0.940023 0.055677 0.336535
vn -0.557602 -0.746899 -0.362246
vn -0.215291 -0.952470 0.215524
vn -0.946098 -0.215054 0.242178
vn 0.252989 0.490132 0.834127
vn -0.265899 -0.239957 -0.933659
vn 0.751541 0.251376 -0.609915
vn 0.394654 0.326387 -0.858906
vn 0.419946 0.348400 0.838011
vn -0.473125 -0.880982 0.004783
vn 0.602416 -0.294102 0.742024
vn -0.259419 0.527128 0.809221
vn -0.834310 -0.527860 -0.159030
vn -0.436207 -0.821030 -0.368283
vn 0.269278 -0.934408 0.233175
vn 0.374632 0.842054 -0.388068
vn 0.166124 0.980891 0.101275
vn 0.558204 -0.100045 0.823650
vn -0.785666 -0.238578 -0.570797
vn 0.158864 -0.950378 -0.267477
vn -0.426895 -0.349725 0.833938
vn -0.791973 -0.070195 -0.606508
vn -0.864246 -0.500888 -0.046794
vn -0.160676 -0.985072 0.061783
vn -0.001077 -0.620527 0.784184
vn -0.817995 -0.467410 0.335279
vn -0.266580 -0.940970 0.208592
vn -0.005724 -0.356675 0.934211
vn -0.811034 -0.522724 0.262647
vn 0.194310 -0.948844 0.248876
vn -0.726627 -0.162673 0.667495
vn -0.626538 -0.149267 0.764964
vn -0.261612 -0.938883 0.223737
vn -0.401433 -0.602882 0.689481
vn -0.659061 -0.350979 0.665171
vn -0.651559 -0.605117 0.457498
vn -0.913118 -0.312002 0.262430
vn -0.058990 -0.971014 -0.231628
vn -0.420920 -0.812369 0.403589
vn -0.932236 -0.171572 0.318590
vn -0.613210 -0.781938 -0.112007
vn -0.173586 -0.399949 0.899949
vn -0.867076 -0.251511 0.430026
vn -0.754029 -0.656500 0.021181
vn -0.082411 -0.225191 0.970823
vn -0.892399 -0.058891 0.447387
vn -0.640482 -0.687010 0.343220
vn -0.241456 -0.534959 0.809640
vn -0.754342 0.154364 0.638075
vn -0.656356 -0.413628 0.630958
vn -0.304425 0.251977 0.918604
vn 0.926329 -0.233796 -0.295387
vn 0.453026 0.450120 -0.769519
vn -0.100031 0.971380 0.215439
vn -0.397925 -0.846061 0.354733
vn 0.344824 0.149368 0.926707
vn -0.734391 0.508355 -0.449717
vn -0.019890 -0.991133 0.131378
vn 0.561824 -0.661833 0.496318
vn 0.853002 -0.496510 0.160825
vn -0.751739 0.566069 0.338310
vn -0.974690 -0.195921 -0.107676
vn 0.820807 0.268696 0.504063
vn -0.597271 0.729491 0.333333
vn -0.577666 -0.692563 -0.432041
vn -0.091932 -0.886695 0.453124
vn -0.793689 -0.151018 0.589281
vn -0.648290 -0.597788 -0.471560
vn 0.283092 -0.920325 -0.269926
vn -0.782623 -0.562817 0.265968
vn 0.284440 -0.609618 -0.739905
vn 0.301216 -0.843151 0.445382
vn -0.842799 -0.470736 0.260955
vn -0.379841 -0.868285 0.319065
vn -0.836458 0.457211 0.302151
vn -0.764630 -0.642735 0.047253
vn 0.663602 0.697683 0.269945
vn -0.050956 0.240909 -0.969209
vn -0.872078 -0.489262 -0.010100
vn -0.178981 -0.558492 0.809970
vn -0.576936 0.810563 -0.100656
vn 0.652581 0.384200 -0.653092
vn 0.009908 -0.910473 -0.413451
vn -0.418229 0.008852 0.908299
vn -0.811217 -0.525635 0.256194
vn -0.883632 -0.468098 -0.008913
vn -0.308838 -0.360431 0.880176
vn 0.000177 0.039348 -0.999226
vn 0.878375 0.185303 -0.440591
vn 0.262835 0.453298 0.851727
vn -0.878714 0.093551 -0.468092
vn 0.872434 0.455879 -0.176160
vn 0.490806 -0.615038 -0.617120
vn -0.313997 -0.798295 0.513937
vn -0.888307 -0.456152 -0.053247
vn 0.108459 -0.940375 -0.322383
vn -0.580330 -0.409360 0.704018
vn -0.973283 -0.096595 0.208300
vn -0.643707 -0.657716 -0.391218
vn -0.391926 -0.800172 0.454003
vn -0.995604 -0.092371 -0.015501
vn -0.812458 -0.463577 -0.353566
vn -0.422223 -0.879096 0.221173
vn -0.628596 -0.716598 0.302249
vn -0.901659 -0.297518 -0.313837
vn -0.208016 -0.322869 0.923301
vn -0.845043 -0.522276 -0.114585
vn 0.207709 -0.932060 -0.296852
vn -0.839555 -0.306941 0.448258
vn -0.632882 -0.433147 0.641751
vn 0.402562 -0.753344 0.520016
vn -0.843039 -0.299059 0.447044
vn -0.998477 -0.001207 -0.055155
vn 0.034487 -0.930062 -0.365781
vn -0.377715 -0.065033 -0.923635
vn 0.798399 -0.190903 0.571065
vn 0.052279 0.895573 0.441833
vn -0.458486 0.430576 -0.777428
vn 0.944170 -0.296647 0.143331
vn -0.581558 -0.782170 -0.223610
vn -0.343733 -0.896319 0.280108
vn -0.509758 -0.812355 -0.283242
vn -0.630306 -0.621087 0.465795
vn -0.001073 -0.985425 -0.170105
vn -0.556503 -0.812560 0.173352
vn -0.759107 -0.504248 0.411692
vn -0.109134 -0.935319 0.336552
vn -0.364101 -0.388412 0.846503
vn -0.693901 -0.718987 0.039476
vn -0.660075 -0.510768 0.550832
vn -0.709310 -0.690507 -0.141700
vn 0.321650 -0.864922 0.385293
vn -0.446027 -0.211251 -0.869732
vn 0.741912 -0.281401 0.608589
vn -0.419458 0.841456 0.340597
vn -0.558304 -0.068271 -0.826823
vn 0.714161 -0.509694 0.479777
vn -0.055658 -0.939053 0.339236
vn -0.468371 0.840966 -0.270934
vn -0.715174 -0.568142 -0.407113
vn -0.137877 -0.990286 0.017981
vn -0.654934 -0.613838 0.440755
vn -0.557592 -0.827660 0.063791
vn 0.058129 -0.840159 0.539217
vn -0.864943 -0.477063 0.155833
vn -0.066803 -0.929844 -0.361839
vn 0.332874 -0.790540 0.514045
vn -0.296405 0.624246 -0.722815
vn -0.261989 -0.457756 -0.849601
vn -0.804161 -0.142938 -0.576970
vn -0.153808 0.367894 -0.917059
vn -0.333934 0.008226 -0.942561
vn 0.851981 -0.512403 -0.107573
vn -0.767773 -0.640188 -0.026142
vn -0.172524 0.892347 0.417075
vn 0.872978 -0.285009 0.395827
vn -0.356336 -0.630117 0.689911
vn -0.184869 0.952745 0.241040
vn 0.650255 0.190287 0.735499
vn -0.808667 0.533497 -0.247868
vn 0.521686 0.693374 -0.497068
vn 0.142484 -0.812494 -0.565289
vn -0.993724 0.111466 0.009347
vn 0.655621 0.712303 -0.250572
vn 0.513361 -0.841673 0.167474
vn -0.926408 -0.047091 0.373564
vn 0.037845 0.956836 -0.288154
vn 0.706921 -0.693746 -0.137765
vn -0.931957 -0.246680 0.265715
vn 0.362929 0.752350 -0.549775
vn 0.966487 -0.122361 0.225677
vn -0.688643 -0.721935 0.067677
vn 0.122937 0.939745 -0.319008
vn 0.943328 -0.097076 0.317345
vn -0.304208 -0.837440 0.454039
vn -0.090200 0.991160 0.097296
vn 0.892182 -0.271769 0.360767
vn -0.790499 -0.359609 0.495774
vn 0.144007 0.978739 0.146054
vn 0.934830 -0.274553 0.225197
vn -0.426070 -0.486828 0.762537
vn -0.332815 0.882785 0.331550
vn 0.273863 -0.319697 -0.907079
vn -0.767855 -0.637797 0.060104
vn -0.470733 0.856168 -0.213043
vn 0.993011 -0.013128 -0.117287
vn -0.422019 -0.702874 0.572598
vn -0.394517 0.907008 -0.147285
vn 0.852998 -0.397156 -0.338616
vn -0.899816 -0.436243 0.004826
vn -0.420309 0.532681 -0.734568
vn 0.844844 -0.013517 -0.534842
vn -0.600471 -0.798839 0.035932
vn -0.829408 0.442921 0.340446
vn 0.482931 0.605479 0.632592
vn -0.008118 -0.666022 0.745888
vn -0.821390 0.192373 0.536945
vn 0.940852 -0.275272 -0.197545
vn -0.553459 -0.820570 -0.142645
vn -0.082888 0.915165 -0.394464
vn 0.968941 -0.247294 -0.000248
vn -0.942755 -0.327607 -0.062344
vn -0.583081 0.672067 0.456446
vn 0.972103 0.108147 0.208133
vn -0.304193 -0.915189 0.264380
vn -0.875713 0.365671 0.315295
vn 0.997844 0.045065 0.047712
vn -0.718438 -0.673701 0.173127
vn -0.660434 0.742610 -0.111165
vn 0.865877 -0.497860 0.048904
vn -0.845151 -0.521891 0.115538
vn 0.880615 -0.403242 -0.248824
vn -0.908904 -0.328491 0.256881
vn 0.194313 -0.530061 0.825396
vn -0.528828 0.792408 0.304023
vn 0.528277 -0.575660 -0.624130
vn -0.951395 0.272716 -0.143083
vn -0.061487 0.989952 0.127338
vn 0.835204 -0.546975 0.057028
vn -0.817700 -0.063988 -0.572077
vn -0.860631 -0.023632 0.508680
vn 0.574431 0.763963 0.293920
vn 0.661874 -0.622984 0.416909
vn -0.848049 0.402316 0.344899
vn 0.459528 0.812356 0.359042
vn 0.130262 -0.779670 0.612492
vn -0.811670 -0.113556 0.572971
vn 0.936272 -0.176897 -0.303484
vn -0.797346 -0.603370 0.013543
vn -0.462578 0.660011 -0.591952
vn 0.569795 -0.590648 -0.571374
vn -0.822720 0.010213 -0.568355
vn 0.034864 0.654890 -0.754920
vn 0.956796 -0.228291 -0.180068
vn -0.173356 -0.677596 -0.714711
vn 0.006346 0.591331 -0.806404
vn 0.528044 -0.506180 -0.681873
vn -0.808904 -0.459162 -0.367211
vn -0.329661 0.786186 -0.522719
vn -0.242663 -0.678047 -0.693807
vn -0.775555 -0.490333 0.397601
vn 0.213380 0.976584 0.027441
vn 0.929322 -0.368051 0.029970
vn -0.861147 -0.333624 0.383563
vn 0.060488 0.998148 -0.006467
vn 0.858366 -0.507633 -0.074274
vn -0.776736 -0.471165 0.417952
vn -0.685124 0.403779 0.606273
vn 0.708720 0.675208 0.204474
vn -0.815280 -0.570442 -0.099570
vn -0.013253 0.685756 -0.727711
vn 0.942625 -0.054879 -0.329311
vn -0.504577 -0.568414 0.649852
vn -0.304259 0.560314 0.770373
vn 0.983806 -0.143198 0.107795
vn -0.113078 -0.776583 0.619784
vn -0.697855 0.552224 0.456122
vn 0.611127 0.549753 0.569470
vn 0.391074 -0.457062 0.798846
vn -0.551862 0.417223 0.722062
vn 0.978634 -0.063766 -0.195472
vn -0.504402 -0.843467 0.184777
vn -0.537268 0.823978 -0.180007
vn 0.979966 -0.199112 -0.004504
vn -0.644771 -0.739473 0.193521
vn -0.609067 0.119818 -0.784016
vn 0.790061 0.128348 -0.599442
vn 0.142192 -0.874040 0.464581
vn -0.621322 0.697632 0.356747
vn 0.912637 0.354799 -0.203005
vn -0.416243 -0.905841 0.078702
vn -0.932039 -0.176878 -0.316256
vn 0.241120 -0.967761 -0.072803
vn -0.874492 0.264144 0.406808
vn 0.634505 0.761111 -0.134588
vn 0.630263 -0.578493 0.517797
vn 0.893417 0.062161 0.444907
vn -0.599500 0.717854 -0.353957
vn 0.139490 -0.936974 0.320347
vn 0.002354 -0.452018 0.892006
usemtl jockey_body
f 3/3/3 4/4/4 1/1/1
f 1/1/1 2/2/2 3/3/3
f 4/4/4 6/6/6 5/5/5
f 5/5/5 1/1/1 4/4/4
f 6/6/6 8/8/8 7/7/7
f 7/7/7 5/5/5 6/6/6
f 9/9/9 10/10/10 7/7/7
f 7/7/7 8/8/8 9/9/9
f 11/11/11 12/12/12 2/2/2
f 2/2/2 1/1/1 11/11/11
f 12/12/12 13/13/13 14/14/14
f 17/17/17 18/18/18 15/15/15
f 15/15/15 159/16/159 17/17/17
f 11/11/11 18/18/18 17/17/17
f 18/18/18 19/19/19 15/15/15
f 22/22/22 23/23/23 20/20/20
f 20/20/20 21/21/21 22/22/22
f 24/24/24 21/21/21 25/25/25
f 26/26/26 27/27/27 21/21/21
f 21/21/21 20/20/20 26/26/26
f 17/17/17 28/28/28 13/13/13
f 29/29/29 30/30/30 27/27/27
f 27/27/27 26/26/26 29/29/29
f 1/1/1 5/5/5 18/18/18
f 18/18/18 11/11/11 1/1/1
f 18/18/18 5/5/5 7/7/7
f 7/7/7 19/19/19 18/18/18
f 10/10/10 31/31/31 19/19/19
f 19/19/19 7/7/7 10/10/10
f 13/13/13 11/11/11 17/17/17
f 32/32/32 160/33/160 24/24/24
f 24/24/24 25/25/25 32/32/32
f 35/35/35 3/3/3 2/2/2
f 2/2/2 34/34/34 35/35/35
f 36/36/36 37/37/37 12/12/12
f 12/12/12 14/14/14 36/36/36
f 37/37/37 34/34/34 2/2/2
f 2/2/2 12/12/12 37/37/37
f 3/3/3 38/38/38 4/4/4
f 4/4/4 38/38/38 6/6/6
f 6/6/6 38/38/38 8/8/8
f 14/41/14 13/42/13 39/39/39
f 39/39/39 40/40/40 14/41/14
f 13/42/13 28/43/28 39/39/39
f 36/45/36 14/41/14 40/40/40
f 40/40/40 41/44/41 36/45/36
f 8/8/8 38/38/38 9/9/9
f 44/48/44 45/49/45 42/46/42
f 42/46/42 43/47/43 44/48/44
f 43/47/43 42/46/42 46/50/46
f 47/51/47 48/52/48 45/49/45
f 45/49/45 44/48/44 47/51/47
f 161/53/161 46/54/46 28/28/28
f 28/28/28 17/17/17 161/53/161
f 42/56/42 39/39/39 28/43/28
f 28/43/28 46/55/46 42/56/42
f 48/58/48 41/44/41 40/40/40
f 40/40/40 45/57/45 48/58/48
f 39/39/39 42/59/42 45/57/45
f 45/57/45 40/40/40 39/39/39
f 12/12/12 11/11/11 13/13/13
f 161/53/161 17/17/17 159/16/159
f 30/30/30 32/32/32 25/25/25
f 25/25/25 27/27/27 30/30/30
f 21/21/21 27/27/27 25/25/25
f 50/62/50 51/63/51 44/60/44
f 44/60/44 43/61/43 50/62/50
f 43/61/43 46/64/46 50/62/50
f 51/63/51 52/66/52 47/65/47
f 47/65/47 44/60/44 51/63/51
f 55/69/55 56/70/56 53/67/53
f 53/67/53 54/68/54 55/69/55
f 56/70/56 59/73/59 57/71/57
f 57/71/57 58/72/58 56/70/56
f 53/67/53 56/70/56 58/72/58
f 58/72/58 60/74/60 53/67/53
f 60/74/60 58/72/58 61/75/61
f 61/75/61 62/76/62 60/74/60
f 59/73/59 168/190/168 167/189/167
f 167/189/167 57/71/57 59/73/59
f 64/78/64 62/76/62 61/75/61
f 61/75/61 63/77/63 64/78/64
f 49/79/49 33/80/33 55/69/55
f 55/69/55 54/68/54 49/79/49
f 65/81/65 66/82/66 51/63/51
f 51/63/51 50/62/50 65/81/65
f 67/83/67 65/81/65 50/62/50
f 50/62/50 46/64/46 67/83/67
f 66/82/66 68/84/68 52/66/52
f 52/66/52 51/63/51 66/82/66
f 69/85/69 67/86/67 46/54/46
f 46/54/46 161/53/161 69/85/69
f 161/53/161 70/87/70 69/85/69
f 71/88/71 22/22/22 21/21/21
f 21/21/21 24/24/24 71/88/71
f 71/88/71 24/24/24 72/89/72
f 15/15/15 71/88/71 72/89/72
f 72/89/72 159/16/159 15/15/15
f 22/22/22 71/88/71 15/15/15
f 15/15/15 19/19/19 22/22/22
f 23/23/23 22/22/22 19/19/19
f 19/19/19 31/31/31 23/23/23
f 160/33/160 70/87/70 72/89/72
f 72/89/72 24/24/24 160/33/160
f 70/87/70 160/33/160 69/85/69
f 161/53/161 159/16/159 72/89/72
f 72/89/72 70/87/70 161/53/161
f 155/90/155 156/91/156 73/92/73
f 16/90/16 162/92/162 74/93/74
f 76/95/76 77/96/77 162/92/162
f 162/92/162 75/94/75 76/95/76
f 78/97/78 79/98/79 77/96/77
f 77/96/77 76/95/76 78/97/78
f 80/99/80 74/93/74 162/92/162
f 162/92/162 77/96/77 80/99/80
f 81/100/81 80/99/80 77/96/77
f 77/96/77 79/98/79 81/100/81
f 81/100/81 79/98/79 82/101/82
f 82/101/82 83/102/83 81/100/81
f 80/99/80 85/104/85 84/103/84
f 84/103/84 74/93/74 80/99/80
f 86/105/86 85/104/85 80/99/80
f 80/99/80 81/100/81 86/105/86
f 87/106/87 86/105/86 81/100/81
f 81/100/81 83/102/83 87/106/87
f 78/97/78 82/101/82 79/98/79
f 83/102/83 82/101/82 88/107/88
f 38/38/38 3/3/3 35/35/35
f 91/110/91 92/111/92 89/108/89
f 89/108/89 90/109/90 91/110/91
f 90/109/90 89/108/89 93/112/93
f 93/112/93 94/113/94 90/109/90
f 94/113/94 93/112/93 95/114/95
f 95/114/95 96/115/96 94/113/94
f 9/9/9 96/115/96 95/114/95
f 95/114/95 10/10/10 9/9/9
f 98/117/98 89/108/89 92/111/92
f 92/111/92 97/116/97 98/117/98
f 97/116/97 99/118/99 100/119/100
f 103/122/103 104/123/104 101/120/101
f 101/120/101 163/121/163 103/122/103
f 98/117/98 101/120/101 104/123/104
f 104/123/104 103/122/103 105/124/105
f 106/125/106 107/126/107 20/20/20
f 20/20/20 23/23/23 106/125/106
f 108/127/108 109/128/109 107/126/107
f 26/26/26 20/20/20 107/126/107
f 107/126/107 110/129/110 26/26/26
f 101/120/101 100/119/100 111/130/111
f 29/29/29 26/26/26 110/129/110
f 110/129/110 112/131/112 29/29/29
f 89/108/89 98/117/98 104/123/104
f 104/123/104 93/112/93 89/108/89
f 104/123/104 105/124/105 95/114/95
f 95/114/95 93/112/93 104/123/104
f 10/10/10 95/114/95 105/124/105
f 105/124/105 31/31/31 10/10/10
f 100/119/100 101/120/101 98/117/98
f 114/133/114 109/128/109 108/127/108
f 108/127/108 113/132/113 114/133/114
f 35/35/35 34/34/34 92/111/92
f 92/111/92 91/110/91 35/35/35
f 36/36/36 99/118/99 97/116/97
f 97/116/97 37/37/37 36/36/36
f 37/37/37 97/116/97 92/111/92
f 92/111/92 34/34/34 37/37/37
f 91/110/91 90/109/90 38/38/38
f 90/109/90 94/113/94 38/38/38
f 94/113/94 96/115/96 38/38/38
f 99/136/99 116/137/116 115/134/115
f 115/134/115 100/135/100 99/136/99
f 100/135/100 115/134/115 111/138/111
f 36/45/36 41/44/41 116/137/116
f 116/137/116 99/136/99 36/45/36
f 96/115/96 9/9/9 38/38/38
f 119/141/119 120/142/120 117/139/117
f 117/139/117 118/140/118 119/141/119
f 120/142/120 121/143/121 117/139/117
f 47/51/47 119/141/119 118/140/118
f 118/140/118 48/52/48 47/51/47
f 165/145/165 101/120/101 111/130/111
f 111/130/111 121/144/121 165/145/165
f 117/146/117 121/147/121 111/138/111
f 111/138/111 115/134/115 117/146/117
f 48/58/48 118/148/118 116/137/116
f 116/137/116 41/44/41 48/58/48
f 115/134/115 116/137/116 118/148/118
f 118/148/118 117/146/117 115/134/115
f 97/116/97 100/119/100 98/117/98
f 165/145/165 163/121/163 101/120/101
f 112/131/112 110/129/110 109/128/109
f 109/128/109 114/133/114 112/131/112
f 107/126/107 109/128/109 110/129/110
f 124/151/124 120/152/120 119/149/119
f 119/149/119 123/150/123 124/151/124
f 120/152/120 124/151/124 121/153/121
f 123/150/123 119/149/119 47/65/47
f 47/65/47 52/66/52 123/150/123
f 127/156/127 128/157/128 125/154/125
f 125/154/125 126/155/126 127/156/127
f 126/155/126 131/160/131 129/158/129
f 129/158/129 130/159/130 126/155/126
f 125/154/125 132/161/132 131/160/131
f 131/160/131 126/155/126 125/154/125
f 132/161/132 134/163/134 133/162/133
f 133/162/133 131/160/131 132/161/132
f 130/159/130 129/158/129 169/191/169
f 169/191/169 170/192/170 130/159/130
f 64/78/64 63/77/63 133/162/133
f 133/162/133 134/163/134 64/78/64
f 122/165/122 128/157/128 127/156/127
f 127/156/127 164/164/164 122/165/122
f 136/167/136 124/151/124 123/150/123
f 123/150/123 135/166/135 136/167/136
f 137/168/137 121/153/121 124/151/124
f 124/151/124 136/167/136 137/168/137
f 135/166/135 123/150/123 52/66/52
f 52/66/52 68/84/68 135/166/135
f 138/170/138 165/145/165 121/144/121
f 121/144/121 137/169/137 138/170/138
f 165/145/165 138/170/138 139/171/139
f 140/172/140 108/127/108 107/126/107
f 107/126/107 106/125/106 140/172/140
f 140/172/140 141/173/141 108/127/108
f 103/122/103 163/121/163 141/173/141
f 141/173/141 140/172/140 103/122/103
f 106/125/106 105/124/105 103/122/103
f 103/122/103 140/172/140 106/125/106
f 23/23/23 31/31/31 105/124/105
f 105/124/105 106/125/106 23/23/23
f 113/132/113 108/127/108 141/173/141
f 141/173/141 139/171/139 113/132/113
f 139/171/139 138/170/138 113/132/113
f 165/145/165 139/171/139 141/173/141
f 141/173/141 163/121/163 165/145/165
f 102/174/102 142/175/142 143/176/143
f 158/174/158 166/176/166 157/177/157
f 145/179/145 146/180/146 143/176/143
f 143/176/143 144/178/144 145/179/145
f 148/182/148 145/179/145 144/178/144
f 144/178/144 147/181/147 148/182/148
f 149/183/149 144/178/144 143/176/143
f 143/176/143 142/175/142 149/183/149
f 150/184/150 147/181/147 144/178/144
f 144/178/144 149/183/149 150/184/150
f 150/184/150 83/102/83 151/185/151
f 151/185/151 147/181/147 150/184/150
f 149/183/149 142/175/142 152/186/152
f 152/186/152 153/187/153 149/183/149
f 154/188/154 150/184/150 149/183/149
f 149/183/149 153/187/153 154/188/154
f 87/106/87 83/102/83 150/184/150
f 150/184/150 154/188/154 87/106/87
f 148/182/148 147/181/147 151/185/151
f 83/102/83 88/107/88 151/185/151
f 38/38/38 35/35/35 91/110/91
f 181/194/181 252/283/252 182/195/182
f 187/201/187 186/200/186 185/199/185
f 185/199/185 197/210/197 187/201/187
f 249/278/249 189/202/189 191/204/191
f 191/204/191 190/203/190 249/278/249
f 192/205/192 194/207/194 193/206/193
f 244/266/244 195/208/195 209/221/209
f 209/221/209 181/194/181 244/266/244
f 197/210/197 185/199/185 196/209/196
f 196/209/196 206/218/206 197/210/197
f 204/216/204 203/215/203 201/214/201
f 201/214/201 184/197/184 204/216/204
f 184/197/184 188/286/188 205/217/205
f 252/283/252 183/196/183 206/218/206
f 206/218/206 174/271/174 252/283/252
f 201/214/201 237/254/237 211/223/211
f 214/226/214 213/225/213 212/224/212
f 212/224/212 191/204/191 214/226/214
f 197/210/197 215/227/215 187/201/187
f 205/217/205 188/286/188 216/228/216
f 198/211/198 209/221/209 210/222/210
f 210/222/210 217/229/217 198/211/198
f 218/230/218 220/232/220 219/231/219
f 183/196/183 181/194/181 199/212/199
f 199/212/199 220/232/220 183/196/183
f 198/211/198 192/205/192 200/213/200
f 221/233/221 205/235/205 222/234/222
f 223/236/223 208/220/208 224/237/224
f 171/238/171 192/205/192 193/206/193
f 193/206/193 251/281/251 171/238/171
f 218/230/218 216/228/216 254/285/254
f 254/285/254 180/193/180 215/227/215
f 218/230/218 254/285/254 215/227/215
f 199/212/199 209/221/209 198/211/198
f 212/224/212 172/241/172 190/203/190
f 190/203/190 191/204/191 212/224/212
f 227/242/227 229/244/229 228/243/228
f 173/277/173 195/208/195 244/266/244
f 244/266/244 246/269/246 173/277/173
f 230/246/230 204/247/204 221/233/221
f 204/247/204 230/246/230 207/219/207
f 231/248/231 232/249/232 207/219/207
f 216/228/216 218/230/218 233/250/233
f 234/251/234 212/224/212 213/225/213
f 236/253/236 223/236/223 224/237/224
f 207/219/207 208/220/208 231/248/231
f 208/220/208 223/236/223 225/239/225
f 225/239/225 226/240/226 208/220/208
f 200/213/200 213/225/213 237/254/237
f 201/214/201 200/213/200 237/254/237
f 228/243/228 217/229/217 238/255/238
f 197/210/197 206/218/206 183/196/183
f 183/196/183 220/232/220 197/210/197
f 241/258/241 240/257/240 239/256/239
f 239/256/239 175/259/175 241/258/241
f 207/219/207 232/249/232 204/247/204
f 210/222/210 240/282/240 241/261/241
f 241/261/241 176/245/176 210/222/210
f 242/262/242 187/201/187 215/227/215
f 215/227/215 247/272/247 242/262/242
f 233/263/233 226/240/226 225/239/225
f 219/260/219 232/249/232 231/248/231
f 196/209/196 882/264/882 174/271/174
f 174/271/174 206/218/206 196/209/196
f 221/233/221 236/253/236 224/237/224
f 224/237/224 230/246/230 221/233/221
f 534/267/534 186/200/186 187/201/187
f 187/201/187 242/262/242 534/267/534
f 229/244/229 227/242/227 194/207/194
f 234/251/234 213/225/213 192/205/192
f 243/265/243 244/266/244 182/195/182
f 202/198/202 201/214/201 211/223/211
f 230/246/230 224/237/224 208/220/208
f 208/220/208 207/219/207 230/246/230
f 203/215/203 200/213/200 201/214/201
f 232/249/232 219/260/219 204/247/204
f 205/235/205 235/252/235 222/234/222
f 235/252/235 225/239/225 223/236/223
f 223/236/223 236/253/236 235/252/235
f 181/194/181 209/221/209 199/212/199
f 225/239/225 235/252/235 205/235/205
f 218/230/218 215/227/215 197/210/197
f 197/210/197 220/232/220 218/230/218
f 209/221/209 195/208/195 239/256/239
f 172/241/172 212/224/212 234/251/234
f 234/251/234 171/238/171 172/241/172
f 192/205/192 198/211/198 194/207/194
f 179/270/179 246/269/246 244/266/244
f 244/266/244 243/265/243 179/270/179
f 203/215/203 204/216/204 220/232/220
f 220/232/220 199/212/199 203/215/203
f 200/213/200 203/215/203 199/212/199
f 199/212/199 198/211/198 200/213/200
f 245/268/245 202/198/202 211/223/211
f 211/223/211 214/226/214 245/268/245
f 213/225/213 214/226/214 211/223/211
f 233/263/233 225/239/225 205/235/205
f 205/217/205 216/228/216 233/250/233
f 215/227/215 180/193/180 247/272/247
f 235/252/235 236/253/236 222/234/222
f 236/253/236 221/233/221 222/234/222
f 209/221/209 239/256/239 240/257/240
f 217/229/217 229/244/229 198/211/198
f 194/207/194 198/211/198 229/244/229
f 184/197/184 205/217/205 221/273/221
f 204/216/204 184/197/184 221/273/221
f 233/250/233 218/230/218 219/231/219
f 226/240/226 233/263/233 219/260/219
f 220/232/220 204/216/204 219/231/219
f 226/240/226 219/260/219 231/248/231
f 208/220/208 226/240/226 231/248/231
f 192/205/192 213/225/213 200/213/200
f 178/275/178 535/276/535 534/267/534
f 534/267/534 242/262/242 178/275/178
f 176/245/176 238/255/238 217/229/217
f 217/229/217 210/222/210 176/245/176
f 195/208/195 173/277/173 175/259/175
f 175/259/175 239/256/239 195/208/195
f 253/284/253 179/270/179 243/265/243
f 243/265/243 182/195/182 253/284/253
f 171/238/171 234/251/234 192/205/192
f 248/274/248 227/242/227 228/243/228
f 251/281/251 193/206/193 227/242/227
f 227/242/227 248/274/248 251/281/251
f 247/272/247 250/280/250 178/275/178
f 178/275/178 242/262/242 247/272/247
f 210/222/210 209/221/209 240/282/240
f 181/194/181 183/196/183 252/283/252
f 253/284/253 182/195/182 252/283/252
f 252/283/252 174/271/174 253/284/253
f 228/243/228 229/244/229 217/229/217
f 227/242/227 193/206/193 194/207/194
f 180/193/180 177/279/177 250/280/250
f 250/280/250 247/272/247 180/193/180
f 191/204/191 189/202/189 245/268/245
f 245/268/245 214/226/214 191/204/191
f 237/254/237 213/225/213 211/223/211
f 255/287/255 188/286/188 184/197/184
f 184/197/184 201/214/201 255/287/255
f 201/214/201 202/198/202 255/287/255
f 181/194/181 182/195/182 244/266/244
f 256/288/256 258/290/258 257/289/257
f 261/293/261 260/292/260 259/291/259
f 259/291/259 262/294/262 261/293/261
f 249/298/249 190/297/190 264/296/264
f 264/296/264 263/295/263 249/298/249
f 265/299/265 267/301/267 266/300/266
f 269/303/269 256/288/256 268/302/268
f 268/302/268 270/304/270 269/303/269
f 260/292/260 271/306/271 875/305/875
f 875/305/875 259/291/259 260/292/260
f 274/309/274 273/308/273 272/307/272
f 272/307/272 275/310/275 274/309/274
f 273/308/273 277/312/277 276/311/276
f 257/289/257 174/314/174 271/306/271
f 271/306/271 278/313/278 257/289/257
f 272/307/272 280/316/280 279/315/279
f 282/318/282 264/296/264 281/317/281
f 281/317/281 283/319/283 282/318/282
f 260/292/260 261/293/261 284/320/284
f 277/312/277 285/321/285 276/311/276
f 288/324/288 287/323/287 286/322/286
f 286/322/286 268/302/268 288/324/288
f 289/325/289 291/327/291 290/326/290
f 278/313/278 290/326/290 292/328/292
f 292/328/292 256/288/256 278/313/278
f 288/324/288 293/329/293 265/299/265
f 294/330/294 295/332/295 277/331/277
f 296/333/296 298/335/298 297/334/297
f 171/337/171 251/336/251 267/301/267
f 267/301/267 265/299/265 171/337/171
f 300/339/300 285/321/285 289/325/289
f 300/339/300 289/325/289 284/320/284
f 300/339/300 284/320/284 299/338/299
f 292/328/292 288/324/288 268/302/268
f 281/317/281 264/296/264 190/297/190
f 190/297/190 172/340/172 281/317/281
f 301/341/301 228/343/228 302/342/302
f 173/345/173 246/344/246 269/303/269
f 269/303/269 270/304/270 173/345/173
f 303/346/303 294/330/294 274/347/274
f 274/347/274 304/348/304 303/346/303
f 305/349/305 304/348/304 306/350/306
f 285/321/285 307/351/307 289/325/289
f 308/352/308 283/319/283 281/317/281
f 309/353/309 298/335/298 296/333/296
f 304/348/304 305/349/305 297/334/297
f 297/334/297 311/355/311 310/354/310
f 310/354/310 296/333/296 297/334/297
f 293/329/293 279/315/279 283/319/283
f 272/307/272 279/315/279 293/329/293
f 228/343/228 238/356/238 287/323/287
f 260/292/260 290/326/290 278/313/278
f 278/313/278 271/306/271 260/292/260
f 241/359/241 175/358/175 312/357/312
f 312/357/312 313/360/313 241/359/241
f 304/348/304 274/347/274 306/350/306
f 286/322/286 176/363/176 241/362/241
f 241/362/241 313/361/313 286/322/286
f 314/364/314 315/365/315 284/320/284
f 284/320/284 261/293/261 314/364/314
f 307/366/307 310/354/310 311/355/311
f 291/367/291 305/349/305 306/350/306
f 875/305/875 271/306/271 174/314/174
f 174/314/174 882/368/882 875/305/875
f 294/330/294 303/346/303 298/335/298
f 298/335/298 309/353/309 294/330/294
f 881/369/881 314/364/314 261/293/261
f 261/293/261 262/294/262 881/369/881
f 302/342/302 266/300/266 301/341/301
f 308/352/308 265/299/265 283/319/283
f 316/370/316 258/290/258 269/303/269
f 317/371/317 280/316/280 272/307/272
f 303/346/303 304/348/304 297/334/297
f 297/334/297 298/335/298 303/346/303
f 275/310/275 272/307/272 293/329/293
f 306/350/306 274/347/274 291/367/291
f 277/331/277 295/332/295 318/372/318
f 318/372/318 309/353/309 296/333/296
f 296/333/296 310/354/310 318/372/318
f 256/288/256 292/328/292 268/302/268
f 310/354/310 277/331/277 318/372/318
f 289/325/289 290/326/290 260/292/260
f 260/292/260 284/320/284 289/325/289
f 268/302/268 312/357/312 270/304/270
f 172/340/172 171/337/171 308/352/308
f 308/352/308 281/317/281 172/340/172
f 265/299/265 266/300/266 288/324/288
f 179/373/179 316/370/316 269/303/269
f 269/303/269 246/344/246 179/373/179
f 275/310/275 292/328/292 290/326/290
f 290/326/290 274/309/274 275/310/275
f 293/329/293 288/324/288 292/328/292
f 292/328/292 275/310/275 293/329/293
f 319/374/319 282/318/282 280/316/280
f 280/316/280 317/371/317 319/374/319
f 283/319/283 280/316/280 282/318/282
f 307/366/307 277/331/277 310/354/310
f 277/312/277 307/351/307 285/321/285
f 284/320/284 315/365/315 299/338/299
f 318/372/318 295/332/295 309/353/309
f 309/353/309 295/332/295 294/330/294
f 268/302/268 313/360/313 312/357/312
f 287/323/287 288/324/288 302/342/302
f 266/300/266 302/342/302 288/324/288
f 273/308/273 294/375/294 277/312/277
f 274/309/274 294/375/294 273/308/273
f 307/351/307 291/327/291 289/325/289
f 311/355/311 291/367/291 307/366/307
f 290/326/290 291/327/291 274/309/274
f 311/355/311 305/349/305 291/367/291
f 297/334/297 305/349/305 311/355/311
f 265/299/265 293/329/293 283/319/283
f 178/376/178 314/364/314 881/369/881
f 881/369/881 535/377/535 178/376/178
f 176/363/176 286/322/286 287/323/287
f 287/323/287 238/356/238 176/363/176
f 270/304/270 312/357/312 175/358/175
f 175/358/175 173/345/173 270/304/270
f 253/378/253 258/290/258 316/370/316
f 316/370/316 179/373/179 253/378/253
f 171/337/171 265/299/265 308/352/308
f 248/379/248 228/343/228 301/341/301
f 251/336/251 248/379/248 301/341/301
f 301/341/301 267/301/267 251/336/251
f 315/365/315 314/364/314 178/376/178
f 178/376/178 250/380/250 315/365/315
f 286/322/286 313/361/313 268/302/268
f 256/288/256 257/289/257 278/313/278
f 253/378/253 174/314/174 257/289/257
f 257/289/257 258/290/258 253/378/253
f 228/343/228 287/323/287 302/342/302
f 301/341/301 266/300/266 267/301/267
f 299/338/299 315/365/315 250/380/250
f 250/380/250 177/381/177 299/338/299
f 264/296/264 282/318/282 319/374/319
f 319/374/319 263/295/263 264/296/264
f 279/315/279 280/316/280 283/319/283
f 320/382/320 272/307/272 273/308/273
f 273/308/273 276/311/276 320/382/320
f 272/307/272 320/382/320 317/371/317
f 256/288/256 269/303/269 258/290/258
f 323/385/323 324/386/324 321/383/321
f 321/383/321 322/384/322 323/385/323
f 327/389/327 328/390/328 325/387/325
f 325/387/325 326/388/326 327/389/327
f 331/393/331 323/385/323 329/391/329
f 329/391/329 330/392/330 331/393/331
f 334/396/334 335/397/335 332/394/332
f 332/394/332 333/395/333 334/396/334
f 338/400/338 339/401/339 336/398/336
f 336/398/336 337/399/337 338/400/338
f 342/404/342 343/405/343 340/402/340
f 340/402/340 341/403/341 342/404/342
f 346/408/346 347/409/347 344/406/344
f 344/406/344 345/407/345 346/408/346
f 349/411/349 350/412/350 340/402/340
f 340/402/340 348/410/348 349/411/349
f 350/412/350 349/411/349 344/406/344
f 344/406/344 351/413/351 350/412/350
f 348/410/348 340/402/340 343/405/343
f 343/405/343 352/414/352 348/410/348
f 326/388/326 324/386/324 353/415/353
f 353/415/353 327/389/327 326/388/326
f 338/400/338 325/387/325 328/390/328
f 328/390/328 334/396/334 338/400/338
f 356/418/356 333/419/333 354/416/354
f 354/416/354 355/417/355 356/418/356
f 355/417/355 354/416/354 330/392/330
f 330/392/330 329/391/329 355/417/355
f 353/415/353 324/386/324 323/385/323
f 323/385/323 331/393/331 353/415/353
f 325/387/325 337/399/337 357/420/357
f 357/420/357 326/388/326 325/387/325
f 337/399/337 325/387/325 338/400/338
f 359/422/359 330/392/330 354/416/354
f 354/416/354 358/421/358 359/422/359
f 359/422/359 360/423/360 331/393/331
f 331/393/331 330/392/330 359/422/359
f 360/423/360 361/424/361 353/415/353
f 353/415/353 331/393/331 360/423/360
f 362/425/362 327/389/327 353/415/353
f 353/415/353 361/424/361 362/425/362
f 362/425/362 363/426/363 328/390/328
f 328/390/328 327/389/327 362/425/362
f 363/426/363 335/397/335 334/396/334
f 334/396/334 328/390/328 363/426/363
f 346/408/346 366/429/366 364/427/364
f 364/427/364 365/428/365 346/408/346
f 345/407/345 367/430/367 366/429/366
f 366/429/366 346/408/346 345/407/345
f 369/432/369 367/430/367 345/407/345
f 345/407/345 368/431/368 369/432/369
f 371/434/371 369/432/369 368/431/368
f 368/431/368 370/433/370 371/434/371
f 371/434/371 370/433/370 362/425/362
f 365/435/365 364/436/364 335/397/335
f 374/439/374 375/440/375 372/437/372
f 372/437/372 373/438/373 374/439/374
f 350/412/350 351/413/351 376/441/376
f 376/441/376 377/442/377 350/412/350
f 343/405/343 342/404/342 378/443/378
f 378/443/378 379/444/379 343/405/343
f 379/444/379 378/443/378 373/438/373
f 373/438/373 372/437/372 379/444/379
f 362/425/362 352/414/352 380/445/380
f 380/445/380 363/426/363 362/425/362
f 362/425/362 370/433/370 348/410/348
f 348/410/348 352/414/352 362/425/362
f 349/411/349 348/410/348 370/433/370
f 370/433/370 368/431/368 349/411/349
f 344/406/344 349/411/349 368/431/368
f 368/431/368 345/407/345 344/406/344
f 382/447/382 365/435/365 335/397/335
f 335/397/335 381/446/381 382/447/382
f 380/445/380 381/446/381 335/397/335
f 335/397/335 363/426/363 380/445/380
f 351/413/351 344/406/344 347/409/347
f 347/409/347 383/448/383 351/413/351
f 383/448/383 347/409/347 382/449/382
f 382/449/382 375/450/375 383/448/383
f 375/440/375 382/447/382 381/446/381
f 381/446/381 372/437/372 375/440/375
f 381/446/381 380/445/380 379/444/379
f 379/444/379 372/437/372 381/446/381
f 382/449/382 347/409/347 346/408/346
f 346/408/346 365/428/365 382/449/382
f 329/391/329 323/385/323 322/384/322
f 322/384/322 384/451/384 329/391/329
f 326/388/326 357/420/357 321/383/321
f 321/383/321 324/386/324 326/388/326
f 379/444/379 380/445/380 352/414/352
f 352/414/352 343/405/343 379/444/379
f 364/427/364 366/429/366 358/421/358
f 358/421/358 332/452/332 364/427/364
f 366/429/366 367/430/367 359/422/359
f 359/422/359 358/421/358 366/429/366
f 359/422/359 367/430/367 369/432/369
f 369/432/369 360/423/360 359/422/359
f 360/423/360 369/432/369 371/434/371
f 371/434/371 361/424/361 360/423/360
f 361/424/361 371/434/371 362/425/362
f 335/397/335 364/436/364 332/394/332
f 329/391/329 385/453/385 355/417/355
f 355/456/355 387/457/387 386/454/386
f 386/454/386 356/455/356 355/456/355
f 386/454/386 388/459/388 339/458/339
f 339/458/339 356/455/356 386/454/386
f 391/462/391 392/463/392 389/460/389
f 389/460/389 390/461/390 391/462/391
f 394/465/394 395/466/395 392/463/392
f 392/463/392 393/464/393 394/465/394
f 393/464/393 392/463/392 396/467/396
f 396/467/396 397/468/397 393/464/393
f 387/457/387 355/456/355 385/469/385
f 399/471/399 387/457/387 385/469/385
f 385/469/385 398/470/398 399/471/399
f 400/472/400 401/473/401 402/474/402
f 402/474/402 403/475/403 400/472/400
f 406/478/406 407/479/407 404/476/404
f 404/476/404 405/477/405 406/478/406
f 410/482/410 411/483/411 408/480/408
f 408/480/408 409/481/409 410/482/410
f 413/485/413 414/486/414 411/483/411
f 411/483/411 412/484/412 413/485/413
f 336/487/336 389/460/389 392/463/392
f 392/463/392 395/466/395 336/487/336
f 417/490/417 418/491/418 415/488/415
f 415/488/415 416/489/416 417/490/417
f 386/454/386 387/457/387 419/492/419
f 419/492/419 420/493/420 386/454/386
f 422/495/422 420/493/420 419/492/419
f 419/492/419 421/494/421 422/495/422
f 423/496/423 424/497/424 420/493/420
f 420/493/420 422/495/422 423/496/423
f 425/498/425 426/499/426 424/497/424
f 424/497/424 423/496/423 425/498/425
f 387/457/387 399/471/399 427/500/427
f 427/500/427 419/492/419 387/457/387
f 429/502/429 427/500/427 399/471/399
f 399/471/399 428/501/428 429/502/429
f 421/494/421 419/492/419 427/500/427
f 427/500/427 430/503/430 421/494/421
f 430/503/430 427/500/427 429/502/429
f 429/502/429 774/504/774 430/503/430
f 431/506/431 392/463/392 391/462/391
f 391/462/391 775/505/775 431/506/431
f 388/459/388 386/454/386 420/493/420
f 420/493/420 424/497/424 388/459/388
f 388/459/388 433/508/433 432/507/432
f 432/507/432 339/458/339 388/459/388
f 432/507/432 433/508/433 434/509/434
f 434/509/434 435/510/435 432/507/432
f 424/497/424 426/499/426 433/508/433
f 433/508/433 388/459/388 424/497/424
f 397/512/397 415/488/415 418/491/418
f 418/491/418 393/511/393 397/512/397
f 336/487/336 339/458/339 432/507/432
f 432/507/432 389/460/389 336/487/336
f 384/513/384 436/514/436 398/470/398
f 398/470/398 385/469/385 384/513/384
f 417/490/417 437/515/437 436/514/436
f 436/514/436 418/491/418 417/490/417
f 428/501/428 399/471/399 398/470/398
f 398/470/398 780/516/780 428/501/428
f 425/498/425 423/496/423 438/517/438
f 438/517/438 439/518/439 425/498/425
f 440/519/440 438/517/438 423/496/423
f 423/496/423 422/495/422 440/519/440
f 440/519/440 422/495/422 421/494/421
f 430/503/430 441/520/441 440/519/440
f 440/519/440 421/494/421 430/503/430
f 774/504/774 785/521/785 441/520/441
f 441/520/441 430/503/430 774/504/774
f 788/524/788 789/525/789 442/522/442
f 442/522/442 443/523/443 788/524/788
f 785/521/785 445/527/445 444/526/444
f 444/526/444 441/520/441 785/521/785
f 402/474/402 401/473/401 446/528/446
f 446/528/446 447/529/447 402/474/402
f 450/532/450 451/533/451 448/530/448
f 448/530/448 449/531/449 450/532/450
f 451/533/451 407/479/407 406/478/406
f 406/478/406 448/530/448 451/533/451
f 405/477/405 404/476/404 452/534/452
f 452/534/452 453/535/453 405/477/405
f 449/531/449 455/537/455 454/536/454
f 454/536/454 450/532/450 449/531/449
f 454/536/454 455/537/455 453/538/453
f 453/538/453 452/539/452 454/536/454
f 444/542/444 458/543/458 456/540/456
f 456/540/456 457/541/457 444/542/444
f 400/472/400 457/541/457 456/540/456
f 456/540/456 401/473/401 400/472/400
f 447/529/447 446/528/446 448/530/448
f 448/530/448 406/478/406 447/529/447
f 446/528/446 459/544/459 449/531/449
f 449/531/449 448/530/448 446/528/446
f 455/537/455 449/531/449 459/544/459
f 459/544/459 442/522/442 455/537/455
f 442/522/442 789/525/789 453/538/453
f 453/538/453 455/537/455 442/522/442
f 406/478/406 405/477/405 460/545/460
f 460/545/460 447/529/447 406/478/406
f 461/546/461 462/547/462 450/532/450
f 450/532/450 454/536/454 461/546/461
f 462/547/462 463/548/463 451/533/451
f 451/533/451 450/532/450 462/547/462
f 409/481/409 408/480/408 464/549/464
f 464/549/464 465/550/465 409/481/409
f 467/553/467 468/554/468 412/551/412
f 412/551/412 466/552/466 467/553/467
f 471/557/471 472/558/472 469/555/469
f 469/555/469 470/556/470 471/557/471
f 466/559/466 412/484/412 411/483/411
f 411/483/411 410/482/410 466/559/466
f 458/543/458 444/542/444 445/560/445
f 445/560/445 473/561/473 458/543/458
f 475/563/475 476/564/476 474/562/474
f 474/562/474 443/523/443 475/563/475
f 474/562/474 458/543/458 473/561/473
f 473/561/473 477/565/477 474/562/474
f 474/562/474 476/564/476 456/540/456
f 456/540/456 458/543/458 474/562/474
f 456/540/456 476/564/476 401/473/401
f 446/528/446 401/473/401 476/564/476
f 476/564/476 475/563/475 446/528/446
f 451/533/451 463/548/463 478/566/478
f 478/566/478 407/479/407 451/533/451
f 465/550/465 464/549/464 479/567/479
f 479/567/479 480/568/480 465/550/465
f 480/568/480 479/567/479 468/554/468
f 468/554/468 467/553/467 480/568/480
f 436/514/436 481/569/481 418/491/418
f 390/461/390 389/460/389 432/507/432
f 432/507/432 435/510/435 390/461/390
f 472/558/472 471/557/471 478/566/478
f 478/566/478 482/570/482 472/558/472
f 483/571/483 463/548/463 462/547/462
f 452/539/452 470/572/470 461/546/461
f 461/546/461 454/536/454 452/539/452
f 461/546/461 470/572/470 469/573/469
f 482/570/482 478/566/478 463/548/463
f 463/548/463 483/571/483 482/570/482
f 453/535/453 789/574/789 827/575/827
f 1021/1368/1021 829/577/829 1018/1364/1018
f 486/580/486 487/581/487 484/578/484
f 484/578/484 485/579/485 486/580/486
f 489/583/489 486/580/486 485/579/485
f 485/579/485 488/582/488 489/583/489
f 441/520/441 444/526/444 457/584/457
f 442/522/442 459/544/459 475/563/475
f 475/563/475 443/523/443 442/522/442
f 446/528/446 475/563/475 459/544/459
f 447/529/447 460/545/460 402/474/402
f 492/587/492 493/588/493 490/585/490
f 490/585/490 491/586/491 492/587/492
f 496/591/496 497/592/497 494/589/494
f 494/589/494 495/590/495 496/591/496
f 500/595/500 501/596/501 498/593/498
f 498/593/498 499/594/499 500/595/500
f 502/597/502 503/598/503 504/599/504
f 505/601/505 502/597/502 504/599/504
f 504/599/504 413/600/413 505/601/505
f 503/598/503 507/603/507 506/602/506
f 506/602/506 504/599/504 503/598/503
f 510/606/510 511/607/511 508/604/508
f 508/604/508 509/605/509 510/606/510
f 514/610/514 414/611/414 512/608/512
f 512/608/512 513/609/513 514/610/514
f 513/609/513 516/613/516 515/612/515
f 515/612/515 514/610/514 513/609/513
f 512/608/512 519/616/519 517/614/517
f 517/614/517 518/615/518 512/608/512
f 521/618/521 504/599/504 506/602/506
f 506/602/506 520/617/520 521/618/521
f 520/617/520 517/614/517 519/616/519
f 519/616/519 521/618/521 520/617/520
f 513/609/513 523/620/523 522/619/522
f 522/619/522 516/613/516 513/609/513
f 509/605/509 496/591/496 515/612/515
f 515/612/515 516/613/516 509/605/509
f 496/591/496 509/605/509 508/604/508
f 508/604/508 497/592/497 496/591/496
f 510/606/510 509/605/509 516/613/516
f 516/613/516 522/619/522 510/606/510
f 413/600/413 521/618/521 519/616/519
f 500/623/500 499/624/499 491/621/491
f 491/621/491 490/622/490 500/623/500
f 493/588/493 501/596/501 500/595/500
f 500/595/500 490/585/490 493/588/493
f 525/626/525 501/596/501 493/588/493
f 493/588/493 524/625/524 525/626/525
f 510/627/510 520/628/520 506/629/506
f 518/615/518 523/620/523 513/609/513
f 513/609/513 512/608/512 518/615/518
f 506/629/506 507/631/507 511/630/511
f 511/630/511 510/627/510 506/629/506
f 522/632/522 517/633/517 520/628/520
f 520/628/520 510/627/510 522/632/522
f 523/634/523 518/635/518 517/633/517
f 517/633/517 522/632/522 523/634/523
f 502/597/502 505/601/505 495/590/495
f 495/590/495 494/589/494 502/597/502
f 413/600/413 519/616/519 512/608/512
f 512/608/512 414/611/414 413/600/413
f 507/603/507 503/598/503 492/587/492
f 492/587/492 491/586/491 507/603/507
f 507/631/507 491/621/491 499/624/499
f 499/624/499 511/630/511 507/631/507
f 511/607/511 499/594/499 498/593/498
f 498/593/498 508/604/508 511/607/511
f 498/593/498 525/626/525 494/589/494
f 494/589/494 497/592/497 498/593/498
f 494/589/494 525/626/525 524/625/524
f 524/625/524 502/597/502 494/589/494
f 502/597/502 524/625/524 492/587/492
f 492/587/492 503/598/503 502/597/502
f 356/636/356 338/400/338 334/396/334
f 334/396/334 333/395/333 356/636/356
f 332/452/332 358/421/358 354/416/354
f 354/416/354 333/419/333 332/452/332
f 471/557/471 404/476/404 407/479/407
f 407/479/407 478/566/478 471/557/471
f 452/534/452 404/476/404 471/557/471
f 471/557/471 470/556/470 452/534/452
f 527/638/527 416/489/416 415/488/415
f 415/488/415 526/637/526 527/638/527
f 196/641/196 185/642/185 528/639/528
f 528/639/528 529/640/529 196/641/196
f 185/642/185 186/644/186 530/643/530
f 530/643/530 528/639/528 185/642/185
f 397/512/397 530/645/530 526/637/526
f 526/637/526 415/488/415 397/512/397
f 431/506/431 775/505/775 531/646/531
f 531/646/531 529/640/529 431/506/431
f 384/513/384 481/569/481 436/514/436
f 405/477/405 453/535/453 827/575/827
f 827/575/827 1017/1363/1017 405/477/405
f 827/575/827 828/576/828 1017/1363/1017
f 497/592/497 508/604/508 498/593/498
f 413/600/413 504/599/504 521/618/521
f 492/587/492 524/625/524 493/588/493
f 525/626/525 498/593/498 501/596/501
f 433/508/433 426/499/426 877/648/877
f 877/648/877 434/509/434 433/508/433
f 877/648/877 426/499/426 425/498/425
f 425/498/425 878/649/878 877/648/877
f 878/649/878 425/498/425 439/518/439
f 439/518/439 879/650/879 878/649/878
f 402/474/402 829/577/829 532/651/532
f 532/651/532 403/475/403 402/474/402
f 383/448/383 375/450/375 374/652/374
f 374/652/374 533/653/533 383/448/383
f 377/442/377 341/403/341 340/402/340
f 340/402/340 350/412/350 377/442/377
f 383/448/383 533/653/533 376/441/376
f 376/441/376 351/413/351 383/448/383
f 464/549/464 496/655/496 495/654/495
f 495/654/495 479/567/479 464/549/464
f 479/567/479 495/654/495 505/656/505
f 505/656/505 468/554/468 479/567/479
f 468/554/468 505/656/505 413/657/413
f 413/657/413 412/551/412 468/554/468
f 408/480/408 411/483/411 414/486/414
f 414/486/414 514/658/514 408/480/408
f 408/480/408 514/658/514 515/659/515
f 515/659/515 464/549/464 408/480/408
f 464/549/464 515/659/515 496/655/496
f 440/519/440 441/520/441 457/584/457
f 457/584/457 400/660/400 440/519/440
f 440/519/440 400/660/400 438/517/438
f 438/517/438 400/660/400 403/661/403
f 403/661/403 439/518/439 438/517/438
f 403/661/403 532/662/532 879/650/879
f 879/650/879 439/518/439 403/661/403
f 396/467/396 392/463/392 431/506/431
f 527/638/527 526/637/526 534/663/534
f 534/663/534 535/664/535 527/638/527
f 529/640/529 528/639/528 396/467/396
f 396/467/396 431/506/431 529/640/529
f 528/639/528 530/643/530 397/468/397
f 397/468/397 396/467/396 528/639/528
f 526/637/526 530/645/530 186/665/186
f 186/665/186 534/663/534 526/637/526
f 529/640/529 531/646/531 882/666/882
f 882/666/882 196/641/196 529/640/529
f 394/667/394 393/511/393 418/491/418
f 418/491/418 481/569/481 394/667/394
f 537/669/537 472/558/472 482/570/482
f 482/570/482 536/668/536 537/669/537
f 482/570/482 483/571/483 489/583/489
f 489/583/489 536/668/536 482/570/482
f 489/583/489 483/571/483 462/547/462
f 462/547/462 486/580/486 489/583/489
f 462/547/462 461/546/461 487/581/487
f 487/581/487 486/580/486 462/547/462
f 487/581/487 461/546/461 469/573/469
f 469/573/469 538/670/538 487/581/487
f 469/555/469 472/558/472 537/669/537
f 537/669/537 538/671/538 469/555/469
f 536/668/536 540/673/540 539/672/539
f 539/672/539 537/669/537 536/668/536
f 537/669/537 539/672/539 541/674/541
f 541/674/541 538/671/538 537/669/537
f 538/670/538 541/675/541 484/578/484
f 484/578/484 487/581/487 538/670/538
f 536/668/536 489/583/489 488/582/488
f 488/582/488 540/673/540 536/668/536
f 337/399/337 336/398/336 395/676/395
f 395/676/395 357/420/357 337/399/337
f 357/420/357 395/676/395 394/677/394
f 394/677/394 321/383/321 357/420/357
f 394/677/394 481/647/481 322/384/322
f 322/384/322 321/383/321 394/677/394
f 474/562/474 477/565/477 788/524/788
f 788/524/788 443/523/443 474/562/474
f 384/451/384 385/453/385 329/391/329
f 780/516/780 398/470/398 436/514/436
f 436/514/436 437/515/437 780/516/780
f 339/401/339 338/400/338 356/636/356
f 377/680/377 543/681/543 542/678/542
f 542/678/542 341/679/341 377/680/377
f 546/684/546 547/685/547 544/682/544
f 544/682/544 545/683/545 546/684/546
f 544/682/544 547/685/547 548/686/548
f 550/688/550 551/689/551 549/687/549
f 549/687/549 544/682/544 550/688/550
f 554/692/554 548/686/548 552/690/552
f 552/690/552 553/691/553 554/692/554
f 556/694/556 551/689/551 550/688/550
f 550/688/550 555/693/555 556/694/556
f 558/696/558 554/692/554 553/691/553
f 553/691/553 557/695/557 558/696/558
f 556/694/556 555/693/555 559/697/559
f 559/697/559 560/698/560 556/694/556
f 561/699/561 562/700/562 558/696/558
f 558/696/558 557/695/557 561/699/561
f 565/703/565 566/704/566 563/701/563
f 563/701/563 564/702/564 565/703/565
f 569/707/569 570/708/570 567/705/567
f 567/705/567 568/706/568 569/707/569
f 567/705/567 571/709/571 568/706/568
f 573/712/573 542/713/542 543/710/543
f 543/710/543 572/711/572 573/712/573
f 574/714/574 575/715/575 576/716/576
f 572/711/572 543/710/543 577/717/577
f 577/717/577 578/718/578 572/711/572
f 579/719/579 575/715/575 580/720/580
f 583/723/583 584/724/584 581/721/581
f 581/721/581 582/722/582 583/723/583
f 585/725/585 586/726/586 587/727/587
f 588/728/588 586/729/586 589/730/589
f 590/731/590 591/732/591 592/733/592
f 593/734/593 594/735/594 595/736/595
f 562/739/562 561/740/561 596/737/596
f 596/737/596 597/738/597 562/739/562
f 560/741/560 559/742/559 578/718/578
f 578/718/578 577/717/577 560/741/560
f 599/744/599 600/745/600 552/690/552
f 552/690/552 598/743/598 599/744/599
f 602/747/602 569/707/569 568/706/568
f 568/706/568 601/746/601 602/747/602
f 604/750/604 599/751/599 598/748/598
f 598/748/598 603/749/603 604/750/604
f 605/752/605 606/753/606 600/745/600
f 600/745/600 599/744/599 605/752/605
f 609/756/609 610/757/610 607/754/607
f 607/754/607 608/755/608 609/756/609
f 612/759/612 605/760/605 599/751/599
f 599/751/599 611/758/611 612/759/612
f 553/691/553 552/690/552 600/745/600
f 600/745/600 613/761/613 553/691/553
f 601/746/601 568/706/568 571/709/571
f 571/709/571 614/762/614 601/746/601
f 613/761/613 600/745/600 606/753/606
f 606/753/606 615/763/615 613/761/613
f 617/766/617 608/767/608 607/764/607
f 607/764/607 616/765/616 617/766/617
f 618/768/618 557/695/557 553/691/553
f 553/691/553 613/761/613 618/768/618
f 620/770/620 576/716/576 579/719/579
f 579/719/579 619/769/619 620/770/620
f 615/763/615 621/771/621 618/768/618
f 618/768/618 613/761/613 615/763/615
f 624/774/624 625/775/625 622/772/622
f 622/772/622 623/773/623 624/774/624
f 618/768/618 626/776/626 561/699/561
f 561/699/561 557/695/557 618/768/618
f 627/778/627 596/737/596 561/740/561
f 561/740/561 626/777/626 627/778/627
f 628/779/628 619/769/619 579/719/579
f 579/719/579 580/720/580 628/779/628
f 621/771/621 629/780/629 626/776/626
f 626/776/626 618/768/618 621/771/621
f 630/782/630 631/783/631 626/777/626
f 626/777/626 629/781/629 630/782/630
f 633/786/633 625/787/625 624/784/624
f 624/784/624 632/785/632 633/786/633
f 566/790/566 635/791/635 634/788/634
f 634/788/634 563/789/563 566/790/566
f 544/682/544 636/792/636 545/683/545
f 547/793/547 546/794/546 637/795/637
f 639/797/639 547/793/547 637/795/637
f 637/795/637 638/796/638 639/797/639
f 565/703/565 638/796/638 640/798/640
f 640/798/640 566/704/566 565/703/565
f 566/790/566 640/800/640 641/799/641
f 641/799/641 635/791/635 566/790/566
f 643/802/643 644/803/644 642/801/642
f 642/801/642 582/722/582 643/802/643
f 646/805/646 637/795/637 546/794/546
f 546/794/546 645/804/645 646/805/646
f 647/806/647 648/807/648 640/798/640
f 640/798/640 638/796/638 647/806/647
f 649/809/649 641/799/641 640/800/640
f 640/800/640 648/808/648 649/809/649
f 564/702/564 563/701/563 542/713/542
f 542/713/542 573/712/573 564/702/564
f 616/765/616 614/762/614 650/810/650
f 650/810/650 651/811/651 616/765/616
f 571/709/571 574/714/574 652/812/652
f 652/812/652 574/714/574 576/716/576
f 576/716/576 575/715/575 579/719/579
f 650/810/650 652/812/652 576/716/576
f 576/716/576 620/770/620 650/810/650
f 653/813/653 651/814/651 623/773/623
f 623/773/623 622/772/622 653/813/653
f 603/749/603 639/797/639 570/708/570
f 570/708/570 569/707/569 603/749/603
f 602/747/602 604/750/604 603/749/603
f 603/749/603 569/707/569 602/747/602
f 609/756/609 612/759/612 611/758/611
f 611/758/611 610/757/610 609/756/609
f 632/785/632 628/779/628 627/778/627
f 627/778/627 631/783/631 632/785/632
f 614/762/614 571/709/571 652/812/652
f 652/812/652 650/810/650 614/762/614
f 580/720/580 596/737/596 627/778/627
f 627/778/627 628/779/628 580/720/580
f 592/733/592 591/732/591 654/815/654
f 655/816/655 591/732/591 588/817/588
f 591/732/591 590/731/590 588/817/588
f 654/815/654 591/732/591 655/816/655
f 656/818/656 595/736/595 657/819/657
f 593/734/593 595/736/595 658/820/658
f 595/736/595 656/818/656 658/820/658
f 657/819/657 595/736/595 594/735/594
f 588/728/588 589/730/589 655/821/655
f 655/821/655 589/730/589 659/822/659
f 589/730/589 586/729/586 585/823/585
f 659/822/659 589/730/589 585/823/585
f 585/725/585 587/727/587 660/824/660
f 661/825/661 587/727/587 662/826/662
f 587/727/587 586/726/586 662/826/662
f 660/824/660 587/727/587 661/825/661
f 663/827/663 545/683/545 641/799/641
f 641/799/641 649/809/649 663/827/663
f 666/830/666 584/831/584 664/828/664
f 664/828/664 665/829/665 666/830/666
f 647/806/647 638/796/638 637/795/637
f 637/795/637 646/805/646 647/806/647
f 639/797/639 638/796/638 565/703/565
f 565/703/565 570/708/570 639/797/639
f 544/682/544 548/686/548 554/692/554
f 554/692/554 550/688/550 544/682/544
f 555/693/555 550/688/550 554/692/554
f 554/692/554 558/696/558 555/693/555
f 559/697/559 555/693/555 558/696/558
f 558/696/558 562/700/562 559/697/559
f 552/690/552 548/686/548 547/685/547
f 547/685/547 598/743/598 552/690/552
f 598/748/598 547/793/547 639/797/639
f 639/797/639 603/749/603 598/748/598
f 597/738/597 578/718/578 559/742/559
f 559/742/559 562/739/562 597/738/597
f 663/827/663 645/832/645 546/684/546
f 546/684/546 545/683/545 663/827/663
f 666/833/666 667/834/667 581/721/581
f 581/721/581 584/724/584 666/833/666
f 582/722/582 581/721/581 643/802/643
f 643/802/643 581/721/581 667/834/667
f 646/805/646 645/804/645 668/835/668
f 668/835/668 665/829/665 646/805/646
f 648/807/648 647/806/647 664/828/664
f 664/828/664 669/836/669 648/807/648
f 642/801/642 649/809/649 648/808/648
f 648/808/648 669/837/669 642/801/642
f 645/832/645 663/827/663 644/803/644
f 644/803/644 668/838/668 645/832/645
f 649/809/649 642/801/642 644/803/644
f 644/803/644 663/827/663 649/809/649
f 646/805/646 665/829/665 664/828/664
f 664/828/664 647/806/647 646/805/646
f 665/829/665 668/835/668 667/839/667
f 667/839/667 666/830/666 665/829/665
f 669/836/669 664/828/664 584/831/584
f 584/831/584 583/840/583 669/836/669
f 642/801/642 669/837/669 583/723/583
f 583/723/583 582/722/582 642/801/642
f 667/834/667 668/838/668 644/803/644
f 644/803/644 643/802/643 667/834/667
f 641/799/641 545/683/545 636/792/636
f 636/792/636 635/791/635 641/799/641
f 636/792/636 549/687/549 634/788/634
f 634/788/634 635/791/635 636/792/636
f 597/738/597 575/715/575 572/711/572
f 572/711/572 578/718/578 597/738/597
f 575/715/575 574/714/574 573/712/573
f 573/712/573 572/711/572 575/715/575
f 564/702/564 573/712/573 574/714/574
f 574/714/574 567/705/567 564/702/564
f 564/702/564 567/705/567 570/708/570
f 570/708/570 565/703/565 564/702/564
f 606/753/606 605/752/605 662/841/662
f 662/841/662 586/842/586 606/753/606
f 660/824/660 609/756/609 608/755/608
f 608/755/608 585/725/585 660/824/660
f 605/760/605 612/759/612 661/825/661
f 661/825/661 662/826/662 605/760/605
f 612/759/612 609/756/609 660/824/660
f 660/824/660 661/825/661 612/759/612
f 588/843/588 615/763/615 606/753/606
f 606/753/606 586/842/586 588/843/588
f 651/811/651 653/844/653 617/766/617
f 617/766/617 616/765/616 651/811/651
f 580/720/580 575/715/575 597/738/597
f 597/738/597 596/737/596 580/720/580
f 601/746/601 614/762/614 616/765/616
f 616/765/616 607/764/607 601/746/601
f 610/757/610 602/747/602 601/746/601
f 601/746/601 607/754/607 610/757/610
f 599/751/599 604/750/604 611/758/611
f 604/750/604 602/747/602 610/757/610
f 610/757/610 611/758/611 604/750/604
f 623/773/623 620/770/620 619/769/619
f 619/769/619 624/774/624 623/773/623
f 651/814/651 650/810/650 620/770/620
f 620/770/620 623/773/623 651/814/651
f 621/771/621 615/763/615 593/845/593
f 622/772/622 594/846/594 592/733/592
f 592/733/592 654/815/654 622/772/622
f 653/813/653 622/772/622 654/815/654
f 654/815/654 655/816/655 653/813/653
f 631/783/631 630/782/630 633/786/633
f 633/786/633 632/785/632 631/783/631
f 631/783/631 627/778/627 626/777/626
f 624/784/624 619/769/619 628/779/628
f 628/779/628 632/785/632 624/784/624
f 636/792/636 544/682/544 549/687/549
f 625/787/625 633/786/633 657/819/657
f 657/819/657 594/735/594 625/787/625
f 657/819/657 633/786/633 630/782/630
f 630/782/630 656/818/656 657/819/657
f 630/782/630 629/781/629 658/820/658
f 658/820/658 656/818/656 630/782/630
f 629/780/629 621/771/621 593/845/593
f 593/845/593 658/847/658 629/780/629
f 608/767/608 617/766/617 659/822/659
f 659/822/659 585/823/585 608/767/608
f 659/822/659 617/766/617 653/844/653
f 653/844/653 655/821/655 659/822/659
f 533/850/533 556/851/556 560/848/560
f 560/848/560 376/849/376 533/850/533
f 378/852/378 342/853/342 563/854/563
f 376/849/376 560/848/560 577/855/577
f 634/858/634 549/859/549 374/856/374
f 374/856/374 373/857/373 634/858/634
f 577/855/577 543/681/543 377/680/377
f 377/680/377 376/849/376 577/855/577
f 634/858/634 373/857/373 378/852/378
f 378/852/378 563/854/563 634/858/634
f 551/861/551 556/851/556 533/850/533
f 533/850/533 374/860/374 551/861/551
f 374/856/374 549/859/549 551/862/551
f 484/864/484 410/482/410 409/481/409
f 409/481/409 485/863/485 484/864/484
f 485/863/485 409/481/409 465/550/465
f 465/550/465 488/865/488 485/863/485
f 465/550/465 480/568/480 540/866/540
f 540/866/540 488/865/488 465/550/465
f 540/866/540 480/568/480 467/553/467
f 467/553/467 539/867/539 540/866/540
f 467/553/467 466/552/466 541/868/541
f 541/868/541 539/867/539 467/553/467
f 541/869/541 466/559/466 410/482/410
f 410/482/410 484/864/484 541/869/541
f 593/845/593 615/763/615 588/843/588
f 588/843/588 590/870/590 593/845/593
f 622/772/622 625/775/625 594/846/594
f 592/733/592 594/846/594 593/871/593
f 593/871/593 590/872/590 592/733/592
f 567/705/567 574/714/574 571/709/571
f 563/854/563 342/853/342 341/679/341
f 341/679/341 542/678/542 563/854/563
f 672/875/672 671/874/671 670/873/670
f 670/873/670 673/876/673 672/875/672
f 676/879/676 675/878/675 674/877/674
f 674/877/674 677/880/677 676/879/676
f 680/883/680 679/882/679 678/881/678
f 678/881/678 672/875/672 680/883/680
f 683/886/683 682/885/682 681/884/681
f 681/884/681 684/887/684 683/886/683
f 687/890/687 686/889/686 685/888/685
f 685/888/685 688/891/688 687/890/687
f 691/894/691 690/893/690 689/892/689
f 689/892/689 692/895/692 691/894/691
f 695/898/695 694/897/694 693/896/693
f 693/896/693 696/899/696 695/898/695
f 698/901/698 697/900/697 689/892/689
f 689/892/689 699/902/699 698/901/698
f 699/902/699 700/903/700 693/896/693
f 693/896/693 698/901/698 699/902/699
f 697/900/697 701/904/701 692/895/692
f 692/895/692 689/892/689 697/900/697
f 675/878/675 676/879/676 702/905/702
f 702/905/702 673/876/673 675/878/675
f 687/890/687 683/886/683 677/880/677
f 677/880/677 674/877/674 687/890/687
f 705/908/705 704/907/704 703/906/703
f 703/906/703 682/909/682 705/908/705
f 704/907/704 678/881/678 679/882/679
f 679/882/679 703/906/703 704/907/704
f 702/905/702 680/883/680 672/875/672
f 672/875/672 673/876/673 702/905/702
f 674/877/674 675/878/675 706/910/706
f 706/910/706 686/889/686 674/877/674
f 686/889/686 687/890/687 674/877/674
f 708/912/708 707/911/707 703/906/703
f 703/906/703 679/882/679 708/912/708
f 708/912/708 679/882/679 680/883/680
f 680/883/680 709/913/709 708/912/708
f 709/913/709 680/883/680 702/905/702
f 702/905/702 710/914/710 709/913/709
f 711/915/711 710/914/710 702/905/702
f 702/905/702 676/879/676 711/915/711
f 711/915/711 676/879/676 677/880/677
f 677/880/677 712/916/712 711/915/711
f 712/916/712 677/880/677 683/886/683
f 683/886/683 684/887/684 712/916/712
f 695/898/695 714/918/714 713/917/713
f 713/917/713 715/919/715 695/898/695
f 694/897/694 695/898/695 715/919/715
f 715/919/715 716/920/716 694/897/694
f 718/922/718 717/921/717 694/897/694
f 694/897/694 716/920/716 718/922/718
f 720/924/720 719/923/719 717/921/717
f 717/921/717 718/922/718 720/924/720
f 720/924/720 711/915/711 719/923/719
f 714/925/714 684/887/684 713/926/713
f 723/929/723 722/928/722 721/927/721
f 721/927/721 724/930/724 723/929/723
f 699/902/699 726/932/726 725/931/725
f 725/931/725 700/903/700 699/902/699
f 692/895/692 728/934/728 727/933/727
f 727/933/727 691/894/691 692/895/692
f 728/934/728 721/927/721 722/928/722
f 722/928/722 727/933/727 728/934/728
f 711/915/711 712/916/712 729/935/729
f 729/935/729 701/904/701 711/915/711
f 711/915/711 701/904/701 697/900/697
f 697/900/697 719/923/719 711/915/711
f 698/901/698 717/921/717 719/923/719
f 719/923/719 697/900/697 698/901/698
f 693/896/693 694/897/694 717/921/717
f 717/921/717 698/901/698 693/896/693
f 731/937/731 730/936/730 684/887/684
f 684/887/684 714/925/714 731/937/731
f 729/935/729 712/916/712 684/887/684
f 684/887/684 730/936/730 729/935/729
f 700/903/700 732/938/732 696/899/696
f 696/899/696 693/896/693 700/903/700
f 732/938/732 724/940/724 731/939/731
f 731/939/731 696/899/696 732/938/732
f 724/930/724 721/927/721 730/936/730
f 730/936/730 731/937/731 724/930/724
f 730/936/730 721/927/721 728/934/728
f 728/934/728 729/935/729 730/936/730
f 731/939/731 714/918/714 695/898/695
f 695/898/695 696/899/696 731/939/731
f 678/881/678 733/941/733 671/874/671
f 671/874/671 672/875/672 678/881/678
f 675/878/675 673/876/673 670/873/670
f 670/873/670 706/910/706 675/878/675
f 728/934/728 692/895/692 701/904/701
f 701/904/701 729/935/729 728/934/728
f 713/917/713 681/942/681 707/911/707
f 707/911/707 715/919/715 713/917/713
f 715/919/715 707/911/707 708/912/708
f 708/912/708 716/920/716 715/919/715
f 708/912/708 709/913/709 718/922/718
f 718/922/718 716/920/716 708/912/708
f 709/913/709 710/914/710 720/924/720
f 720/924/720 718/922/718 709/913/709
f 710/914/710 711/915/711 720/924/720
f 684/887/684 681/884/681 713/926/713
f 678/881/678 704/907/704 734/943/734
f 704/946/704 705/945/705 735/944/735
f 735/944/735 736/947/736 704/946/704
f 735/944/735 705/945/705 688/948/688
f 688/948/688 737/949/737 735/944/735
f 391/952/391 390/951/390 738/950/738
f 738/950/738 739/953/739 391/952/391
f 741/955/741 740/954/740 739/953/739
f 739/953/739 742/956/742 741/955/741
f 740/954/740 743/957/743 739/953/739
f 743/957/743 740/954/740 744/958/744
f 736/947/736 734/959/734 704/946/704
f 746/961/746 745/960/745 734/959/734
f 734/959/734 736/947/736 746/961/746
f 747/962/747 750/965/750 749/964/749
f 749/964/749 748/963/748 747/962/747
f 753/968/753 752/967/752 751/966/751
f 751/966/751 754/969/754 753/968/753
f 757/972/757 756/971/756 755/970/755
f 755/970/755 758/973/758 757/972/757
f 760/975/760 759/974/759 758/973/758
f 758/973/758 761/976/761 760/975/760
f 685/977/685 742/956/742 739/953/739
f 739/953/739 738/950/738 685/977/685
f 417/980/417 416/979/416 762/978/762
f 762/978/762 763/981/763 417/980/417
f 735/944/735 765/983/765 764/982/764
f 764/982/764 736/947/736 735/944/735
f 767/985/767 766/984/766 764/982/764
f 764/982/764 765/983/765 767/985/767
f 768/986/768 767/985/767 765/983/765
f 765/983/765 769/987/769 768/986/768
f 770/988/770 768/986/768 769/987/769
f 769/987/769 771/989/771 770/988/770
f 736/947/736 764/982/764 772/990/772
f 772/990/772 746/961/746 736/947/736
f 429/992/429 428/991/428 746/961/746
f 746/961/746 772/990/772 429/992/429
f 766/984/766 773/993/773 772/990/772
f 772/990/772 764/982/764 766/984/766
f 773/993/773 774/994/774 429/992/429
f 429/992/429 772/990/772 773/993/773
f 776/996/776 775/995/775 391/952/391
f 391/952/391 739/953/739 776/996/776
f 737/949/737 769/987/769 765/983/765
f 765/983/765 735/944/735 737/949/737
f 737/949/737 688/948/688 777/997/777
f 777/997/777 778/998/778 737/949/737
f 777/997/777 435/1000/435 434/999/434
f 434/999/434 778/998/778 777/997/777
f 769/987/769 737/949/737 778/998/778
f 778/998/778 771/989/771 769/987/769
f 744/1002/744 740/1001/740 763/981/763
f 763/981/763 762/978/762 744/1002/744
f 685/977/685 738/950/738 777/997/777
f 777/997/777 688/948/688 685/977/685
f 733/1003/733 734/959/734 745/960/745
f 745/960/745 779/1004/779 733/1003/733
f 417/980/417 763/981/763 779/1004/779
f 779/1004/779 437/1005/437 417/980/417
f 428/991/428 780/1006/780 745/960/745
f 745/960/745 746/961/746 428/991/428
f 770/988/770 782/1008/782 781/1007/781
f 781/1007/781 768/986/768 770/988/770
f 783/1009/783 767/985/767 768/986/768
f 768/986/768 781/1007/781 783/1009/783
f 783/1009/783 766/984/766 767/985/767
f 773/993/773 766/984/766 783/1009/783
f 783/1009/783 784/1010/784 773/993/773
f 774/994/774 773/993/773 784/1010/784
f 784/1010/784 785/1011/785 774/994/774
f 788/1014/788 787/1013/787 786/1012/786
f 786/1012/786 789/1015/789 788/1014/788
f 785/1011/785 784/1010/784 790/1016/790
f 790/1016/790 445/1017/445 785/1011/785
f 749/964/749 792/1019/792 791/1018/791
f 791/1018/791 748/963/748 749/964/749
f 795/1022/795 794/1021/794 793/1020/793
f 793/1020/793 796/1023/796 795/1022/795
f 796/1023/796 793/1020/793 753/968/753
f 753/968/753 754/969/754 796/1023/796
f 752/967/752 798/1025/798 797/1024/797
f 797/1024/797 751/966/751 752/967/752
f 794/1021/794 795/1022/795 799/1026/799
f 799/1026/799 800/1027/800 794/1021/794
f 799/1026/799 797/1029/797 798/1028/798
f 798/1028/798 800/1027/800 799/1026/799
f 790/1032/790 802/1031/802 801/1030/801
f 801/1030/801 803/1033/803 790/1032/790
f 747/962/747 748/963/748 801/1030/801
f 801/1030/801 802/1031/802 747/962/747
f 792/1019/792 753/968/753 793/1020/793
f 793/1020/793 791/1018/791 792/1019/792
f 791/1018/791 793/1020/793 794/1021/794
f 794/1021/794 804/1034/804 791/1018/791
f 800/1027/800 786/1012/786 804/1034/804
f 804/1034/804 794/1021/794 800/1027/800
f 786/1012/786 800/1027/800 798/1028/798
f 798/1028/798 789/1015/789 786/1012/786
f 792/1019/792 1020/1366/1020 752/967/752
f 752/967/752 753/968/753 792/1019/792
f 806/1036/806 799/1026/799 795/1022/795
f 795/1022/795 807/1037/807 806/1036/806
f 807/1037/807 795/1022/795 796/1023/796
f 796/1023/796 808/1038/808 807/1037/807
f 756/971/756 810/1040/810 809/1039/809
f 809/1039/809 755/970/755 756/971/756
f 812/1043/812 811/1042/811 759/1041/759
f 759/1041/759 813/1044/813 812/1043/812
f 816/1047/816 815/1046/815 814/1045/814
f 814/1045/814 817/1048/817 816/1047/816
f 811/1049/811 757/972/757 758/973/758
f 758/973/758 759/974/759 811/1049/811
f 803/1033/803 473/1051/473 445/1050/445
f 445/1050/445 790/1032/790 803/1033/803
f 819/1053/819 787/1013/787 818/1052/818
f 818/1052/818 820/1054/820 819/1053/819
f 818/1052/818 477/1055/477 473/1051/473
f 473/1051/473 803/1033/803 818/1052/818
f 818/1052/818 803/1033/803 801/1030/801
f 801/1030/801 820/1054/820 818/1052/818
f 801/1030/801 748/963/748 820/1054/820
f 791/1018/791 819/1053/819 820/1054/820
f 820/1054/820 748/963/748 791/1018/791
f 796/1023/796 754/969/754 821/1056/821
f 821/1056/821 808/1038/808 796/1023/796
f 810/1040/810 823/1058/823 822/1057/822
f 822/1057/822 809/1039/809 810/1040/810
f 823/1058/823 812/1043/812 813/1044/813
f 813/1044/813 822/1057/822 823/1058/823
f 779/1004/779 763/981/763 824/1059/824
f 390/951/390 435/1000/435 777/997/777
f 777/997/777 738/950/738 390/951/390
f 817/1048/817 825/1060/825 821/1056/821
f 821/1056/821 816/1047/816 817/1048/817
f 826/1061/826 807/1037/807 808/1038/808
f 797/1029/797 799/1026/799 806/1036/806
f 806/1036/806 815/1062/815 797/1029/797
f 806/1036/806 814/1063/814 815/1062/815
f 825/1060/825 826/1061/826 808/1038/808
f 808/1038/808 821/1056/821 825/1060/825
f 798/1025/798 827/1065/827 789/1064/789
f 1021/1367/1021 805/1035/805 829/1067/829
f 832/1070/832 831/1069/831 830/1068/830
f 830/1068/830 833/1071/833 832/1070/832
f 835/1073/835 834/1072/834 831/1069/831
f 831/1069/831 832/1070/832 835/1073/835
f 784/1010/784 802/1074/802 790/1016/790
f 786/1012/786 787/1013/787 819/1053/819
f 819/1053/819 804/1034/804 786/1012/786
f 791/1018/791 804/1034/804 819/1053/819
f 792/1019/792 749/964/749 1020/1366/1020
f 838/1077/838 837/1076/837 836/1075/836
f 836/1075/836 839/1078/839 838/1077/838
f 842/1081/842 841/1080/841 840/1079/840
f 840/1079/840 843/1082/843 842/1081/842
f 846/1085/846 845/1084/845 844/1083/844
f 844/1083/844 847/1086/847 846/1085/846
f 848/1087/848 850/1089/850 849/1088/849
f 851/1091/851 760/1090/760 850/1089/850
f 850/1089/850 848/1087/848 851/1091/851
f 849/1088/849 850/1089/850 852/1092/852
f 852/1092/852 853/1093/853 849/1088/849
f 856/1096/856 855/1095/855 854/1094/854
f 854/1094/854 857/1097/857 856/1096/856
f 860/1100/860 859/1099/859 858/1098/858
f 858/1098/858 761/1101/761 860/1100/860
f 859/1099/859 860/1100/860 861/1102/861
f 861/1102/861 862/1103/862 859/1099/859
f 858/1098/858 864/1105/864 863/1104/863
f 863/1104/863 865/1106/865 858/1098/858
f 867/1108/867 866/1107/866 852/1092/852
f 852/1092/852 850/1089/850 867/1108/867
f 866/1107/866 867/1108/867 865/1106/865
f 865/1106/865 863/1104/863 866/1107/866
f 859/1099/859 862/1103/862 868/1109/868
f 868/1109/868 869/1110/869 859/1099/859
f 855/1095/855 862/1103/862 861/1102/861
f 861/1102/861 842/1081/842 855/1095/855
f 842/1081/842 843/1082/843 854/1094/854
f 854/1094/854 855/1095/855 842/1081/842
f 856/1096/856 868/1109/868 862/1103/862
f 862/1103/862 855/1095/855 856/1096/856
f 760/1090/760 865/1106/865 867/1108/867
f 846/1113/846 836/1112/836 837/1111/837
f 837/1111/837 845/1114/845 846/1113/846
f 839/1078/839 836/1075/836 846/1085/846
f 846/1085/846 847/1086/847 839/1078/839
f 871/1116/871 870/1115/870 839/1078/839
f 839/1078/839 847/1086/847 871/1116/871
f 856/1117/856 852/1119/852 866/1118/866
f 864/1105/864 858/1098/858 859/1099/859
f 859/1099/859 869/1110/869 864/1105/864
f 852/1119/852 856/1117/856 857/1120/857
f 857/1120/857 853/1121/853 852/1119/852
f 868/1122/868 856/1117/856 866/1118/866
f 866/1118/866 863/1123/863 868/1122/868
f 869/1124/869 868/1122/868 863/1123/863
f 863/1123/863 864/1125/864 869/1124/869
f 848/1087/848 840/1079/840 841/1080/841
f 841/1080/841 851/1091/851 848/1087/848
f 760/1090/760 761/1101/761 858/1098/858
f 858/1098/858 865/1106/865 760/1090/760
f 853/1093/853 837/1076/837 838/1077/838
f 838/1077/838 849/1088/849 853/1093/853
f 853/1121/853 857/1120/857 845/1114/845
f 845/1114/845 837/1111/837 853/1121/853
f 857/1097/857 854/1094/854 844/1083/844
f 844/1083/844 845/1084/845 857/1097/857
f 844/1083/844 843/1082/843 840/1079/840
f 840/1079/840 871/1116/871 844/1083/844
f 840/1079/840 848/1087/848 870/1115/870
f 870/1115/870 871/1116/871 840/1079/840
f 848/1087/848 849/1088/849 838/1077/838
f 838/1077/838 870/1115/870 848/1087/848
f 705/1126/705 682/885/682 683/886/683
f 683/886/683 687/890/687 705/1126/705
f 681/942/681 682/909/682 703/906/703
f 703/906/703 707/911/707 681/942/681
f 816/1047/816 821/1056/821 754/969/754
f 754/969/754 751/966/751 816/1047/816
f 797/1024/797 815/1046/815 816/1047/816
f 816/1047/816 751/966/751 797/1024/797
f 527/1128/527 872/1127/872 762/978/762
f 762/978/762 416/979/416 527/1128/527
f 875/1131/875 874/1130/874 873/1129/873
f 873/1129/873 259/1132/259 875/1131/875
f 259/1132/259 873/1129/873 876/1133/876
f 876/1133/876 262/1134/262 259/1132/259
f 744/1002/744 762/978/762 872/1127/872
f 872/1127/872 876/1135/876 744/1002/744
f 776/996/776 874/1130/874 531/1136/531
f 531/1136/531 775/995/775 776/996/776
f 733/941/733 824/1137/824 671/874/671
f 752/967/752 1019/1365/1019 827/1065/827
f 827/1065/827 798/1025/798 752/967/752
f 827/1065/827 1019/1365/1019 828/1066/828
f 843/1082/843 844/1083/844 854/1094/854
f 760/1090/760 867/1108/867 850/1089/850
f 838/1077/838 839/1078/839 870/1115/870
f 871/1116/871 847/1086/847 844/1083/844
f 778/998/778 434/999/434 877/1138/877
f 877/1138/877 771/989/771 778/998/778
f 877/1138/877 878/1139/878 770/988/770
f 770/988/770 771/989/771 877/1138/877
f 878/1139/878 879/1140/879 782/1008/782
f 782/1008/782 770/988/770 878/1139/878
f 749/964/749 750/965/750 532/1141/532
f 532/1141/532 829/1067/829 749/964/749
f 732/938/732 880/1143/880 723/1142/723
f 723/1142/723 724/940/724 732/938/732
f 726/932/726 699/902/699 689/892/689
f 689/892/689 690/893/690 726/932/726
f 732/938/732 700/903/700 725/931/725
f 725/931/725 880/1143/880 732/938/732
f 809/1039/809 822/1057/822 841/1144/841
f 841/1144/841 842/1145/842 809/1039/809
f 822/1057/822 813/1044/813 851/1146/851
f 851/1146/851 841/1144/841 822/1057/822
f 813/1044/813 759/1041/759 760/1147/760
f 760/1147/760 851/1146/851 813/1044/813
f 755/970/755 860/1148/860 761/976/761
f 761/976/761 758/973/758 755/970/755
f 755/970/755 809/1039/809 861/1149/861
f 861/1149/861 860/1148/860 755/970/755
f 809/1039/809 842/1145/842 861/1149/861
f 783/1009/783 747/1150/747 802/1074/802
f 802/1074/802 784/1010/784 783/1009/783
f 783/1009/783 781/1007/781 747/1150/747
f 781/1007/781 782/1008/782 750/1151/750
f 750/1151/750 747/1150/747 781/1007/781
f 750/1151/750 782/1008/782 879/1140/879
f 879/1140/879 532/1152/532 750/1151/750
f 743/957/743 776/996/776 739/953/739
f 527/1128/527 535/1154/535 881/1153/881
f 881/1153/881 872/1127/872 527/1128/527
f 874/1130/874 776/996/776 743/957/743
f 743/957/743 873/1129/873 874/1130/874
f 873/1129/873 743/957/743 744/958/744
f 744/958/744 876/1133/876 873/1129/873
f 872/1127/872 881/1153/881 262/1155/262
f 262/1155/262 876/1135/876 872/1127/872
f 874/1130/874 875/1131/875 882/1156/882
f 882/1156/882 531/1136/531 874/1130/874
f 741/1157/741 824/1059/824 763/981/763
f 763/981/763 740/1001/740 741/1157/741
f 884/1159/884 883/1158/883 825/1060/825
f 825/1060/825 817/1048/817 884/1159/884
f 825/1060/825 883/1158/883 835/1073/835
f 835/1073/835 826/1061/826 825/1060/825
f 835/1073/835 832/1070/832 807/1037/807
f 807/1037/807 826/1061/826 835/1073/835
f 807/1037/807 832/1070/832 833/1071/833
f 833/1071/833 806/1036/806 807/1037/807
f 833/1071/833 885/1160/885 814/1063/814
f 814/1063/814 806/1036/806 833/1071/833
f 814/1045/814 885/1161/885 884/1159/884
f 884/1159/884 817/1048/817 814/1045/814
f 883/1158/883 884/1159/884 886/1162/886
f 886/1162/886 887/1163/887 883/1158/883
f 884/1159/884 885/1161/885 888/1164/888
f 888/1164/888 886/1162/886 884/1159/884
f 885/1160/885 833/1071/833 830/1068/830
f 830/1068/830 888/1165/888 885/1160/885
f 883/1158/883 887/1163/887 834/1072/834
f 834/1072/834 835/1073/835 883/1158/883
f 686/889/686 706/910/706 742/1166/742
f 742/1166/742 685/888/685 686/889/686
f 706/910/706 670/873/670 741/1167/741
f 741/1167/741 742/1166/742 706/910/706
f 741/1167/741 670/873/670 671/874/671
f 671/874/671 824/1137/824 741/1167/741
f 818/1052/818 787/1013/787 788/1014/788
f 788/1014/788 477/1055/477 818/1052/818
f 733/941/733 678/881/678 734/943/734
f 780/1006/780 437/1005/437 779/1004/779
f 779/1004/779 745/960/745 780/1006/780
f 688/891/688 705/1126/705 687/890/687
f 726/1170/726 690/1169/690 889/1168/889
f 889/1168/889 890/1171/890 726/1170/726
f 893/1174/893 892/1173/892 891/1172/891
f 891/1172/891 894/1175/894 893/1174/893
f 891/1172/891 895/1176/895 894/1175/894
f 897/1178/897 891/1172/891 896/1177/896
f 896/1177/896 898/1179/898 897/1178/897
f 901/1182/901 900/1181/900 899/1180/899
f 899/1180/899 895/1176/895 901/1182/901
f 903/1184/903 902/1183/902 897/1178/897
f 897/1178/897 898/1179/898 903/1184/903
f 905/1186/905 904/1185/904 900/1181/900
f 900/1181/900 901/1182/901 905/1186/905
f 903/1184/903 907/1188/907 906/1187/906
f 906/1187/906 902/1183/902 903/1184/903
f 908/1189/908 904/1185/904 905/1186/905
f 905/1186/905 909/1190/909 908/1189/908
f 912/1193/912 911/1192/911 910/1191/910
f 910/1191/910 913/1194/913 912/1193/912
f 916/1197/916 915/1196/915 914/1195/914
f 914/1195/914 917/1198/917 916/1197/916
f 914/1195/914 915/1196/915 918/1199/918
f 920/1202/920 919/1201/919 890/1200/890
f 890/1200/890 889/1203/889 920/1202/920
f 921/1204/921 923/1206/923 922/1205/922
f 919/1201/919 925/1208/925 924/1207/924
f 924/1207/924 890/1200/890 919/1201/919
f 926/1209/926 927/1210/927 922/1205/922
f 930/1213/930 929/1212/929 928/1211/928
f 928/1211/928 931/1214/931 930/1213/930
f 932/1215/932 934/1217/934 933/1216/933
f 935/1218/935 936/1220/936 933/1219/933
f 937/1221/937 939/1223/939 938/1222/938
f 940/1224/940 942/1226/942 941/1225/941
f 909/1229/909 944/1228/944 943/1227/943
f 943/1227/943 908/1230/908 909/1229/909
f 907/1231/907 924/1207/924 925/1208/925
f 925/1208/925 906/1232/906 907/1231/907
f 946/1234/946 945/1233/945 899/1180/899
f 899/1180/899 947/1235/947 946/1234/946
f 949/1237/949 948/1236/948 915/1196/915
f 915/1196/915 916/1197/916 949/1237/949
f 951/1240/951 950/1239/950 945/1238/945
f 945/1238/945 946/1241/946 951/1240/951
f 952/1242/952 946/1234/946 947/1235/947
f 947/1235/947 953/1243/953 952/1242/952
f 956/1246/956 955/1245/955 954/1244/954
f 954/1244/954 957/1247/957 956/1246/956
f 959/1249/959 958/1248/958 946/1241/946
f 946/1241/946 952/1250/952 959/1249/959
f 900/1181/900 960/1251/960 947/1235/947
f 947/1235/947 899/1180/899 900/1181/900
f 948/1236/948 961/1252/961 918/1199/918
f 918/1199/918 915/1196/915 948/1236/948
f 960/1251/960 962/1253/962 953/1243/953
f 953/1243/953 947/1235/947 960/1251/960
f 964/1256/964 963/1255/963 954/1254/954
f 954/1254/954 955/1257/955 964/1256/964
f 965/1258/965 960/1251/960 900/1181/900
f 900/1181/900 904/1185/904 965/1258/965
f 967/1260/967 966/1259/966 926/1209/926
f 926/1209/926 923/1206/923 967/1260/967
f 962/1253/962 960/1251/960 965/1258/965
f 965/1258/965 968/1261/968 962/1253/962
f 971/1264/971 970/1263/970 969/1262/969
f 969/1262/969 972/1265/972 971/1264/971
f 965/1258/965 904/1185/904 908/1189/908
f 908/1189/908 973/1266/973 965/1258/965
f 974/1268/974 973/1267/973 908/1230/908
f 908/1230/908 943/1227/943 974/1268/974
f 975/1269/975 927/1210/927 926/1209/926
f 926/1209/926 966/1259/966 975/1269/975
f 968/1261/968 965/1258/965 973/1266/973
f 973/1266/973 976/1270/976 968/1261/968
f 977/1272/977 976/1271/976 973/1267/973
f 973/1267/973 978/1273/978 977/1272/977
f 980/1276/980 979/1275/979 971/1274/971
f 971/1274/971 972/1277/972 980/1276/980
f 913/1280/913 910/1279/910 981/1278/981
f 981/1278/981 982/1281/982 913/1280/913
f 891/1172/891 892/1173/892 983/1282/983
f 894/1283/894 984/1285/984 893/1284/893
f 986/1287/986 985/1286/985 984/1285/984
f 984/1285/984 894/1283/894 986/1287/986
f 912/1193/912 913/1194/913 987/1288/987
f 987/1288/987 985/1286/985 912/1193/912
f 913/1280/913 982/1281/982 988/1289/988
f 988/1289/988 987/1290/987 913/1280/913
f 990/1292/990 929/1212/929 989/1291/989
f 989/1291/989 991/1293/991 990/1292/990
f 993/1295/993 992/1294/992 893/1284/893
f 893/1284/893 984/1285/984 993/1295/993
f 994/1296/994 985/1286/985 987/1288/987
f 987/1288/987 995/1297/995 994/1296/994
f 996/1299/996 995/1298/995 987/1290/987
f 987/1290/987 988/1289/988 996/1299/996
f 911/1192/911 920/1202/920 889/1203/889
f 889/1203/889 910/1191/910 911/1192/911
f 963/1255/963 998/1301/998 997/1300/997
f 997/1300/997 961/1252/961 963/1255/963
f 918/1199/918 999/1302/999 921/1204/921
f 999/1302/999 923/1206/923 921/1204/921
f 923/1206/923 926/1209/926 922/1205/922
f 997/1300/997 967/1260/967 923/1206/923
f 923/1206/923 999/1302/999 997/1300/997
f 1000/1303/1000 969/1262/969 970/1263/970
f 970/1263/970 998/1304/998 1000/1303/1000
f 950/1239/950 916/1197/916 917/1198/917
f 917/1198/917 986/1287/986 950/1239/950
f 949/1237/949 916/1197/916 950/1239/950
f 950/1239/950 951/1240/951 949/1237/949
f 956/1246/956 957/1247/957 958/1248/958
f 958/1248/958 959/1249/959 956/1246/956
f 979/1275/979 978/1273/978 974/1268/974
f 974/1268/974 975/1269/975 979/1275/979
f 961/1252/961 997/1300/997 999/1302/999
f 999/1302/999 918/1199/918 961/1252/961
f 927/1210/927 975/1269/975 974/1268/974
f 974/1268/974 943/1227/943 927/1210/927
f 939/1223/939 1001/1305/1001 938/1222/938
f 1002/1306/1002 935/1307/935 938/1222/938
f 938/1222/938 935/1307/935 937/1221/937
f 1001/1305/1001 1002/1306/1002 938/1222/938
f 1003/1308/1003 1004/1309/1004 942/1226/942
f 940/1224/940 1005/1310/1005 942/1226/942
f 942/1226/942 1005/1310/1005 1003/1308/1003
f 1004/1309/1004 941/1225/941 942/1226/942
f 935/1218/935 1002/1311/1002 936/1220/936
f 1002/1311/1002 1006/1312/1006 936/1220/936
f 936/1220/936 932/1313/932 933/1219/933
f 1006/1312/1006 932/1313/932 936/1220/936
f 932/1215/932 1007/1314/1007 934/1217/934
f 1008/1315/1008 1009/1316/1009 934/1217/934
f 934/1217/934 1009/1316/1009 933/1216/933
f 1007/1314/1007 1008/1315/1008 934/1217/934
f 1010/1317/1010 996/1299/996 988/1289/988
f 988/1289/988 892/1173/892 1010/1317/1010
f 1013/1320/1013 1012/1319/1012 1011/1318/1011
f 1011/1318/1011 931/1321/931 1013/1320/1013
f 994/1296/994 993/1295/993 984/1285/984
f 984/1285/984 985/1286/985 994/1296/994
f 986/1287/986 917/1198/917 912/1193/912
f 912/1193/912 985/1286/985 986/1287/986
f 891/1172/891 897/1178/897 901/1182/901
f 901/1182/901 895/1176/895 891/1172/891
f 902/1183/902 905/1186/905 901/1182/901
f 901/1182/901 897/1178/897 902/1183/902
f 906/1187/906 909/1190/909 905/1186/905
f 905/1186/905 902/1183/902 906/1187/906
f 899/1180/899 945/1233/945 894/1175/894
f 894/1175/894 895/1176/895 899/1180/899
f 945/1238/945 950/1239/950 986/1287/986
f 986/1287/986 894/1283/894 945/1238/945
f 944/1228/944 909/1229/909 906/1232/906
f 906/1232/906 925/1208/925 944/1228/944
f 1010/1317/1010 892/1173/892 893/1174/893
f 893/1174/893 992/1322/992 1010/1317/1010
f 1013/1323/1013 931/1214/931 928/1211/928
f 928/1211/928 1014/1324/1014 1013/1323/1013
f 929/1212/929 990/1292/990 928/1211/928
f 990/1292/990 1014/1324/1014 928/1211/928
f 993/1295/993 1012/1319/1012 1015/1325/1015
f 1015/1325/1015 992/1294/992 993/1295/993
f 995/1297/995 1016/1326/1016 1011/1318/1011
f 1011/1318/1011 994/1296/994 995/1297/995
f 989/1291/989 1016/1327/1016 995/1298/995
f 995/1298/995 996/1299/996 989/1291/989
f 992/1322/992 1015/1328/1015 991/1293/991
f 991/1293/991 1010/1317/1010 992/1322/992
f 996/1299/996 1010/1317/1010 991/1293/991
f 991/1293/991 989/1291/989 996/1299/996
f 993/1295/993 994/1296/994 1011/1318/1011
f 1011/1318/1011 1012/1319/1012 993/1295/993
f 1012/1319/1012 1013/1320/1013 1014/1329/1014
f 1014/1329/1014 1015/1325/1015 1012/1319/1012
f 1016/1326/1016 930/1330/930 931/1321/931
f 931/1321/931 1011/1318/1011 1016/1326/1016
f 989/1291/989 929/1212/929 930/1213/930
f 930/1213/930 1016/1327/1016 989/1291/989
f 1014/1324/1014 990/1292/990 991/1293/991
f 991/1293/991 1015/1328/1015 1014/1324/1014
f 988/1289/988 982/1281/982 983/1282/983
f 983/1282/983 892/1173/892 988/1289/988
f 983/1282/983 982/1281/982 981/1278/981
f 981/1278/981 896/1177/896 983/1282/983
f 944/1228/944 925/1208/925 919/1201/919
f 919/1201/919 922/1205/922 944/1228/944
f 922/1205/922 919/1201/919 920/1202/920
f 920/1202/920 921/1204/921 922/1205/922
f 911/1192/911 914/1195/914 921/1204/921
f 921/1204/921 920/1202/920 911/1192/911
f 911/1192/911 912/1193/912 917/1198/917
f 917/1198/917 914/1195/914 911/1192/911
f 953/1243/953 933/1332/933 1009/1331/1009
f 1009/1331/1009 952/1242/952 953/1243/953
f 1007/1314/1007 932/1215/932 955/1245/955
f 955/1245/955 956/1246/956 1007/1314/1007
f 952/1250/952 1009/1316/1009 1008/1315/1008
f 1008/1315/1008 959/1249/959 952/1250/952
f 959/1249/959 1008/1315/1008 1007/1314/1007
f 1007/1314/1007 956/1246/956 959/1249/959
f 935/1333/935 933/1332/933 953/1243/953
f 953/1243/953 962/1253/962 935/1333/935
f 998/1301/998 963/1255/963 964/1256/964
f 964/1256/964 1000/1334/1000 998/1301/998
f 927/1210/927 944/1228/944 922/1205/922
f 944/1228/944 927/1210/927 943/1227/943
f 948/1236/948 954/1254/954 963/1255/963
f 963/1255/963 961/1252/961 948/1236/948
f 957/1247/957 954/1244/954 948/1236/948
f 948/1236/948 949/1237/949 957/1247/957
f 946/1241/946 958/1248/958 951/1240/951
f 951/1240/951 958/1248/958 957/1247/957
f 957/1247/957 949/1237/949 951/1240/951
f 970/1263/970 971/1264/971 966/1259/966
f 966/1259/966 967/1260/967 970/1263/970
f 998/1304/998 970/1263/970 967/1260/967
f 967/1260/967 997/1300/997 998/1304/998
f 968/1261/968 940/1335/940 962/1253/962
f 969/1262/969 1001/1305/1001 939/1223/939
f 939/1223/939 941/1336/941 969/1262/969
f 1000/1303/1000 1002/1306/1002 1001/1305/1001
f 1001/1305/1001 969/1262/969 1000/1303/1000
f 978/1273/978 979/1275/979 980/1276/980
f 980/1276/980 977/1272/977 978/1273/978
f 978/1273/978 973/1267/973 974/1268/974
f 971/1274/971 979/1275/979 975/1269/975
f 975/1269/975 966/1259/966 971/1274/971
f 983/1282/983 896/1177/896 891/1172/891
f 972/1277/972 941/1225/941 1004/1309/1004
f 1004/1309/1004 980/1276/980 972/1277/972
f 1004/1309/1004 1003/1308/1003 977/1272/977
f 977/1272/977 980/1276/980 1004/1309/1004
f 977/1272/977 1003/1308/1003 1005/1310/1005
f 1005/1310/1005 976/1271/976 977/1272/977
f 976/1270/976 1005/1337/1005 940/1335/940
f 940/1335/940 968/1261/968 976/1270/976
f 955/1257/955 932/1313/932 1006/1312/1006
f 1006/1312/1006 964/1256/964 955/1257/955
f 1006/1312/1006 1002/1311/1002 1000/1334/1000
f 1000/1334/1000 964/1256/964 1006/1312/1006
f 880/1340/880 725/1339/725 907/1338/907
f 907/1338/907 903/1341/903 880/1340/880
f 727/1342/727 910/1344/910 691/1343/691
f 725/1339/725 924/1345/924 907/1338/907
f 981/1348/981 722/1347/722 723/1346/723
f 723/1346/723 896/1349/896 981/1348/981
f 924/1345/924 725/1339/725 726/1170/726
f 726/1170/726 890/1171/890 924/1345/924
f 981/1348/981 910/1344/910 727/1342/727
f 727/1342/727 722/1347/722 981/1348/981
f 898/1351/898 723/1350/723 880/1340/880
f 880/1340/880 903/1341/903 898/1351/898
f 723/1346/723 898/1352/898 896/1349/896
f 830/1354/830 831/1353/831 756/971/756
f 756/971/756 757/972/757 830/1354/830
f 831/1353/831 834/1355/834 810/1040/810
f 810/1040/810 756/971/756 831/1353/831
f 810/1040/810 834/1355/834 887/1356/887
f 887/1356/887 823/1058/823 810/1040/810
f 887/1356/887 886/1357/886 812/1043/812
f 812/1043/812 823/1058/823 887/1356/887
f 812/1043/812 886/1357/886 888/1358/888
f 888/1358/888 811/1042/811 812/1043/812
f 888/1359/888 830/1354/830 757/972/757
f 757/972/757 811/1049/811 888/1359/888
f 940/1335/940 937/1360/937 935/1333/935
f 935/1333/935 962/1253/962 940/1335/940
f 969/1262/969 941/1336/941 972/1265/972
f 939/1223/939 937/1362/937 940/1361/940
f 940/1361/940 941/1336/941 939/1223/939
f 914/1195/914 918/1199/918 921/1204/921
f 910/1344/910 889/1168/889 690/1169/690
f 690/1169/690 691/1343/691 910/1344/910
f 384/451/384 322/384/322 481/647/481
f 733/1003/733 779/1004/779 824/1059/824
f 1018/1364/1018 829/577/829 402/474/402
f 749/964/749 829/1067/829 805/1035/805
f 460/545/460 1017/1363/1017 1018/1364/1018
f 805/1035/805 1019/1365/1019 1020/1366/1020
f 1018/1364/1018 1017/1363/1017 828/576/828
f 828/576/828 1021/1368/1021 1018/1364/1018
f 1021/1367/1021 828/1066/828 1019/1365/1019
f 1019/1365/1019 805/1035/805 1021/1367/1021
f 460/545/460 1018/1364/1018 402/474/402
f 749/964/749 805/1035/805 1020/1366/1020
f 1020/1366/1020 1019/1365/1019 752/967/752
f 405/477/405 1017/1363/1017 460/545/460
g Base_HumanPelvis
v 0.090098 1.628790 0.272502
v -0.090177 1.628790 0.272500
v 0.090096 1.629296 0.417604
v -0.090179 1.629296 0.417601
v 0.090098 1.710570 0.272217
v -0.090177 1.710570 0.272215
v 0.090096 1.711076 0.417318
v -0.090179 1.711076 0.417316
vn -0.000000 -0.999994 0.003486
vn -1.000000 0.000000 -0.000013
vn 0.000013 -0.003486 -0.999994
vn -0.000000 -0.999994 0.003486
vn 1.000000 -0.000000 0.000013
vn -0.000013 0.003486 0.999994
vn 0.000000 0.999994 -0.003486
vn 1.000000 -0.000000 0.000013
usemtl default1
f 1022//1022 1024//1024 1025//1025
f 1025//1025 1023//1023 1022//1022
f 1026//1026 1027//1027 1029//1029
f 1029//1029 1028//1028 1026//1026
f 1022//1022 1023//1023 1027//1027
f 1027//1027 1026//1026 1022//1022
f 1023//1023 1025//1025 1029//1029
f 1029//1029 1027//1027 1023//1023
f 1025//1025 1024//1024 1028//1028
f 1028//1028 1029//1029 1025//1025
f 1024//1024 1022//1022 1026//1026
f 1026//1026 1028//1028 1024//1024
g Base_HumanLThigh
v 0.103412 1.638713 0.375856
v 0.162247 1.665982 0.362763
v 0.073131 1.720259 0.409623
v 0.131966 1.747528 0.396530
v 0.264438 1.509931 0.831259
v 0.323273 1.537200 0.818166
v 0.234157 1.591477 0.865026
v 0.292993 1.618746 0.851933
vn -0.322113 0.257611 -0.910977
vn 0.889344 0.412193 -0.197901
vn 0.324516 -0.873919 -0.361878
vn -0.322113 0.257611 -0.910977
vn -0.889344 -0.412193 0.197901
vn -0.324516 0.873919 0.361878
vn 0.322113 -0.257611 0.910977
vn -0.889344 -0.412193 0.197901
usemtl default1
f 1030//1030 1032//1032 1033//1033
f 1033//1033 1031//1031 1030//1030
f 1034//1034 1035//1035 1037//1037
f 1037//1037 1036//1036 1034//1034
f 1030//1030 1031//1031 1035//1035
f 1035//1035 1034//1034 1030//1030
f 1031//1031 1033//1033 1037//1037
f 1037//1037 1035//1035 1031//1031
f 1033//1033 1032//1032 1036//1036
f 1036//1036 1037//1037 1033//1033
f 1032//1032 1030//1030 1034//1034
f 1034//1034 1036//1036 1032//1032
g Base_HumanLCalf
v 0.241917 1.575913 0.830488
v 0.281551 1.598821 0.821239
v 0.275882 1.529853 0.861952
v 0.315515 1.552762 0.852703
v 0.285311 1.346103 0.447240
v 0.324945 1.369011 0.437991
v 0.319276 1.300044 0.478704
v 0.358909 1.322952 0.469455
vn -0.096652 0.511859 0.853615
vn 0.848634 0.490511 -0.198040
vn -0.520076 0.705265 -0.481790
vn -0.096652 0.511859 0.853615
vn -0.848634 -0.490511 0.198040
vn 0.520076 -0.705265 0.481790
vn 0.096652 -0.511859 -0.853615
vn -0.848634 -0.490511 0.198040
usemtl default1
f 1038//1038 1040//1040 1041//1041
f 1041//1041 1039//1039 1038//1038
f 1042//1042 1043//1043 1045//1045
f 1045//1045 1044//1044 1042//1042
f 1038//1038 1039//1039 1043//1043
f 1043//1043 1042//1042 1038//1038
f 1039//1039 1041//1041 1045//1045
f 1045//1045 1043//1043 1039//1039
f 1041//1041 1040//1040 1044//1044
f 1044//1044 1045//1045 1041//1041
f 1040//1040 1038//1038 1042//1042
f 1042//1042 1044//1044 1040//1040
g Base_HumanLFoot
v 0.287065 1.317120 0.449310
v 0.357943 1.316918 0.454016
v 0.286277 1.352137 0.462679
v 0.357155 1.351935 0.467384
v 0.274843 1.247698 0.630430
v 0.345721 1.247496 0.635135
v 0.274055 1.282716 0.643798
v 0.344933 1.282513 0.648504
vn 0.062888 0.357191 -0.931912
vn 0.997799 -0.002845 0.066243
vn 0.021010 -0.934026 -0.356585
vn 0.062888 0.357191 -0.931912
vn -0.997799 0.002845 -0.066243
vn -0.021010 0.934026 0.356585
vn -0.062888 -0.357191 0.931912
vn -0.997799 0.002845 -0.066243
usemtl default1
f 1046//1046 1048//1048 1049//1049
f 1049//1049 1047//1047 1046//1046
f 1050//1050 1051//1051 1053//1053
f 1053//1053 1052//1052 1050//1050
f 1046//1046 1047//1047 1051//1051
f 1051//1051 1050//1050 1046//1046
f 1047//1047 1049//1049 1053//1053
f 1053//1053 1051//1051 1047//1047
f 1049//1049 1048//1048 1052//1052
f 1052//1052 1053//1053 1049//1049
f 1048//1048 1046//1046 1050//1050
f 1050//1050 1052//1052 1048//1048
g Base_HumanRThigh
v -0.161969 1.663141 0.365731
v -0.102708 1.638169 0.381258
v -0.132833 1.748072 0.391122
v -0.073572 1.723100 0.406649
v -0.320105 1.577919 0.832247
v -0.260844 1.552948 0.847773
v -0.290969 1.662850 0.857638
v -0.231708 1.637879 0.873164
vn 0.316331 0.170475 -0.933206
vn 0.895789 -0.377468 0.234693
vn -0.312246 -0.910196 -0.272114
vn 0.316331 0.170475 -0.933206
vn -0.895789 0.377468 -0.234693
vn 0.312246 0.910196 0.272114
vn -0.316331 -0.170475 0.933206
vn -0.895789 0.377468 -0.234693
usemtl default1
f 1054//1054 1056//1056 1057//1057
f 1057//1057 1055//1055 1054//1054
f 1058//1058 1059//1059 1061//1061
f 1061//1061 1060//1060 1058//1058
f 1054//1054 1055//1055 1059//1059
f 1059//1059 1058//1058 1054//1054
f 1055//1055 1057//1057 1061//1061
f 1061//1061 1059//1059 1055//1055
f 1057//1057 1056//1056 1060//1060
f 1060//1060 1061//1061 1057//1057
f 1056//1056 1054//1054 1058//1058
f 1058//1058 1060//1060 1056//1056
g Base_HumanRCalf
v -0.279321 1.640569 0.829630
v -0.239280 1.619338 0.840908
v -0.312534 1.596456 0.864501
v -0.272493 1.575225 0.875780
v -0.315065 1.379898 0.465833
v -0.275025 1.358667 0.477112
v -0.348278 1.335785 0.500705
v -0.308238 1.314554 0.511983
vn 0.079614 0.580596 0.810290
vn 0.857337 -0.454593 0.241493
vn 0.508561 0.675465 -0.533959
vn 0.079614 0.580596 0.810290
vn -0.857337 0.454593 -0.241493
vn -0.508561 -0.675465 0.533959
vn -0.079614 -0.580596 -0.810290
vn -0.857337 0.454593 -0.241493
usemtl default1
f 1062//1062 1064//1064 1065//1065
f 1065//1065 1063//1063 1062//1062
f 1066//1066 1067//1067 1069//1069
f 1069//1069 1068//1068 1066//1066
f 1062//1062 1063//1063 1067//1067
f 1067//1067 1066//1066 1062//1062
f 1063//1063 1065//1065 1069//1069
f 1069//1069 1067//1067 1063//1063
f 1065//1065 1064//1064 1068//1068
f 1068//1068 1069//1069 1065//1065
f 1064//1064 1062//1062 1066//1066
f 1066//1066 1068//1068 1064//1064
g Base_HumanRFoot
v -0.347151 1.329495 0.482725
v -0.276137 1.329032 0.484374
v -0.347165 1.365421 0.493442
v -0.276152 1.364958 0.495091
v -0.351836 1.273951 0.668913
v -0.280823 1.273487 0.670562
v -0.351851 1.309876 0.679630
v -0.280837 1.309413 0.681279
vn 0.024108 0.285792 -0.957988
vn 0.999709 -0.006523 0.023212
vn 0.000385 -0.958269 -0.285866
vn 0.024108 0.285792 -0.957988
vn -0.999709 0.006523 -0.023212
vn -0.000385 0.958269 0.285866
vn -0.024108 -0.285792 0.957988
vn -0.999709 0.006523 -0.023212
usemtl default1
f 1070//1070 1072//1072 1073//1073
f 1073//1073 1071//1071 1070//1070
f 1074//1074 1075//1075 1077//1077
f 1077//1077 1076//1076 1074//1074
f 1070//1070 1071//1071 1075//1075
f 1075//1075 1074//1074 1070//1070
f 1071//1071 1073//1073 1077//1077
f 1077//1077 1075//1075 1071//1071
f 1073//1073 1072//1072 1076//1076
f 1076//1076 1077//1077 1073//1073
f 1072//1072 1070//1070 1074//1074
f 1074//1074 1076//1076 1072//1072
g Base_HumanSpine1
v 0.028843 1.740083 0.291127
v -0.028922 1.740083 0.291126
v 0.028842 1.721941 0.345970
v -0.028923 1.721941 0.345969
v 0.028843 1.847390 0.326624
v -0.028923 1.847390 0.326624
v 0.028842 1.829248 0.381467
v -0.028923 1.829248 0.381466
vn 0.000004 -0.949402 -0.314063
vn -1.000000 0.000000 -0.000013
vn 0.000012 0.314063 -0.949402
vn 0.000004 -0.949402 -0.314063
vn 1.000000 -0.000000 0.000013
vn -0.000012 -0.314063 0.949402
vn -0.000004 0.949402 0.314063
vn 1.000000 -0.000000 0.000013
usemtl default1
f 1078//1078 1080//1080 1081//1081
f 1081//1081 1079//1079 1078//1078
f 1082//1082 1083//1083 1085//1085
f 1085//1085 1084//1084 1082//1082
f 1078//1078 1079//1079 1083//1083
f 1083//1083 1082//1082 1078//1078
f 1079//1079 1081//1081 1085//1085
f 1085//1085 1083//1083 1079//1079
f 1081//1081 1080//1080 1084//1084
f 1084//1084 1085//1085 1081//1081
f 1080//1080 1078//1078 1082//1082
f 1082//1082 1084//1084 1080//1080
g Base_HumanSpine2
v 0.029886 1.842667 0.324437
v -0.029966 1.842667 0.324436
v 0.029886 1.833971 0.383654
v -0.029967 1.833971 0.383654
v 0.029886 1.941371 0.338932
v -0.029966 1.941371 0.338931
v 0.029885 1.932675 0.398149
v -0.029967 1.932675 0.398149
vn 0.000002 -0.989388 -0.145294
vn -1.000000 0.000000 -0.000013
vn 0.000013 0.145294 -0.989388
vn 0.000002 -0.989388 -0.145294
vn 1.000000 -0.000000 0.000013
vn -0.000013 -0.145294 0.989388
vn -0.000002 0.989388 0.145294
vn 1.000000 -0.000000 0.000013
usemtl default1
f 1086//1086 1088//1088 1089//1089
f 1089//1089 1087//1087 1086//1086
f 1090//1090 1091//1091 1093//1093
f 1093//1093 1092//1092 1090//1090
f 1086//1086 1087//1087 1091//1091
f 1091//1091 1090//1090 1086//1086
f 1087//1087 1089//1089 1093//1093
f 1093//1093 1091//1091 1087//1087
f 1089//1089 1088//1088 1092//1092
f 1092//1092 1093//1093 1089//1089
f 1088//1088 1086//1086 1090//1090
f 1090//1090 1092//1092 1088//1088
g Base_HumanSpine3
v 0.031243 1.943277 0.337889
v -0.031323 1.943277 0.337888
v 0.031242 1.930769 0.399192
v -0.031324 1.930769 0.399191
v 0.031243 2.053082 0.360292
v -0.031323 2.053082 0.360291
v 0.031242 2.040574 0.421595
v -0.031324 2.040574 0.421594
vn 0.000002 -0.979815 -0.199907
vn -1.000000 0.000000 -0.000013
vn 0.000012 0.199907 -0.979815
vn 0.000002 -0.979815 -0.199907
vn 1.000000 -0.000000 0.000013
vn -0.000012 -0.199907 0.979815
vn -0.000002 0.979815 0.199907
vn 1.000000 -0.000000 0.000013
usemtl default1
f 1094//1094 1096//1096 1097//1097
f 1097//1097 1095//1095 1094//1094
f 1098//1098 1099//1099 1101//1101
f 1101//1101 1100//1100 1098//1098
f 1094//1094 1095//1095 1099//1099
f 1099//1099 1098//1098 1094//1094
f 1095//1095 1097//1097 1101//1101
f 1101//1101 1099//1099 1095//1095
f 1097//1097 1096//1096 1100//1100
f 1100//1100 1101//1101 1097//1097
f 1096//1096 1094//1094 1098//1098
f 1098//1098 1100//1100 1096//1096
g Base_HumanSpine4
v 0.040020 2.069549 0.357950
v -0.040101 2.069549 0.357949
v 0.040019 2.024108 0.423938
v -0.040101 2.024108 0.423937
v 0.040019 2.228823 0.467629
v -0.040102 2.228823 0.467628
v 0.040018 2.183382 0.533617
v -0.040103 2.183382 0.533616
vn 0.000007 -0.823611 -0.567154
vn -1.000000 0.000000 -0.000013
vn 0.000011 0.567155 -0.823611
vn 0.000007 -0.823611 -0.567154
vn 1.000000 -0.000000 0.000013
vn -0.000011 -0.567155 0.823611
vn -0.000007 0.823611 0.567154
vn 1.000000 -0.000000 0.000013
usemtl default1
f 1102//1102 1104//1104 1105//1105
f 1105//1105 1103//1103 1102//1102
f 1106//1106 1107//1107 1109//1109
f 1109//1109 1108//1108 1106//1106
f 1102//1102 1103//1103 1107//1107
f 1107//1107 1106//1106 1102//1102
f 1103//1103 1105//1105 1109//1109
f 1109//1109 1107//1107 1103//1103
f 1105//1105 1104//1104 1108//1108
f 1108//1108 1109//1109 1105//1105
f 1104//1104 1102//1102 1106//1106
f 1106//1106 1108//1108 1104//1104
g Base_HumanRibcage
v 0.085277 2.079699 0.357235
v -0.085358 2.079699 0.357233
v 0.085276 2.006237 0.444763
v -0.085359 2.006237 0.444760
v 0.085276 2.224468 0.478742
v -0.085360 2.224468 0.478740
v 0.085275 2.151005 0.566269
v -0.085361 2.151005 0.566267
vn 0.000008 -0.765964 -0.642884
vn -1.000000 0.000000 -0.000013
vn 0.000010 0.642884 -0.765963
vn 0.000008 -0.765964 -0.642884
vn 1.000000 -0.000000 0.000013
vn -0.000010 -0.642884 0.765963
vn -0.000008 0.765964 0.642884
vn 1.000000 -0.000000 0.000013
usemtl default1
f 1110//1110 1112//1112 1113//1113
f 1113//1113 1111//1111 1110//1110
f 1114//1114 1115//1115 1117//1117
f 1117//1117 1116//1116 1114//1114
f 1110//1110 1111//1111 1115//1115
f 1115//1115 1114//1114 1110//1110
f 1111//1111 1113//1113 1117//1117
f 1117//1117 1115//1115 1111//1111
f 1113//1113 1112//1112 1116//1116
f 1116//1116 1117//1117 1113//1113
f 1112//1112 1110//1110 1114//1114
f 1114//1114 1116//1116 1112//1112
g Base_HumanLCollarbone
v 0.032138 2.123448 0.530238
v 0.035818 2.156006 0.547725
v 0.044704 2.105819 0.560415
v 0.048384 2.138377 0.577902
v 0.162097 2.134390 0.482515
v 0.165777 2.166948 0.500002
v 0.174662 2.116761 0.512692
v 0.178343 2.149319 0.530179
vn -0.935791 -0.078790 0.343638
vn 0.099095 0.876630 0.470850
vn -0.338342 0.474670 -0.812535
vn -0.935791 -0.078790 0.343638
vn -0.099095 -0.876630 -0.470850
vn 0.338342 -0.474670 0.812535
vn 0.935791 0.078790 -0.343638
vn -0.099095 -0.876630 -0.470850
usemtl default1
f 1118//1118 1120//1120 1121//1121
f 1121//1121 1119//1119 1118//1118
f 1122//1122 1123//1123 1125//1125
f 1125//1125 1124//1124 1122//1122
f 1118//1118 1119//1119 1123//1123
f 1123//1123 1122//1122 1118//1118
f 1119//1119 1121//1121 1125//1125
f 1125//1125 1123//1123 1119//1119
f 1121//1121 1120//1120 1124//1124
f 1124//1124 1125//1125 1121//1121
f 1120//1120 1118//1118 1122//1122
f 1122//1122 1124//1124 1120//1120
g Base_HumanLUpperarm
v 0.184855 2.165925 0.471282
v 0.213701 2.148026 0.516066
v 0.126738 2.135683 0.496628
v 0.155584 2.117784 0.541413
v 0.239009 1.965478 0.356290
v 0.267855 1.947579 0.401074
v 0.180892 1.935236 0.381636
v 0.209738 1.917337 0.426421
vn -0.228162 0.844522 0.484484
vn 0.513297 -0.318501 0.796921
vn 0.827326 0.430511 -0.360821
vn -0.228162 0.844522 0.484484
vn -0.513297 0.318501 -0.796921
vn -0.827326 -0.430511 0.360821
vn 0.228162 -0.844522 -0.484484
vn -0.513297 0.318501 -0.796921
usemtl default1
f 1126//1126 1128//1128 1129//1129
f 1129//1129 1127//1127 1126//1126
f 1130//1130 1131//1131 1133//1133
f 1133//1133 1132//1132 1130//1130
f 1126//1126 1127//1127 1131//1131
f 1131//1131 1130//1130 1126//1126
f 1127//1127 1129//1129 1133//1133
f 1133//1133 1131//1131 1127//1127
f 1129//1129 1128//1128 1132//1132
f 1132//1132 1133//1133 1129//1129
f 1128//1128 1126//1126 1130//1130
f 1130//1130 1132//1132 1128//1128
g Base_HumanLForearm
v 0.235422 1.921870 0.365851
v 0.256344 1.945432 0.402121
v 0.192403 1.937383 0.380589
v 0.213326 1.960945 0.416859
v 0.210924 1.709335 0.518051
v 0.231846 1.732897 0.554321
v 0.167905 1.724848 0.532789
v 0.188828 1.748410 0.569059
vn 0.093305 0.809483 -0.579683
vn 0.435470 0.490400 0.754899
vn 0.895355 -0.322870 -0.306749
vn 0.093305 0.809483 -0.579683
vn -0.435470 -0.490400 -0.754899
vn -0.895355 0.322870 0.306749
vn -0.093305 -0.809483 0.579683
vn -0.435470 -0.490400 -0.754899
usemtl default1
f 1134//1134 1136//1136 1137//1137
f 1137//1137 1135//1135 1134//1134
f 1138//1138 1139//1139 1141//1141
f 1141//1141 1140//1140 1138//1138
f 1134//1134 1135//1135 1139//1139
f 1139//1139 1138//1138 1134//1134
f 1135//1135 1137//1137 1141//1141
f 1141//1141 1139//1139 1135//1135
f 1137//1137 1136//1136 1140//1140
f 1140//1140 1141//1141 1137//1137
f 1136//1136 1134//1134 1138//1138
f 1138//1138 1140//1140 1136//1136
g Base_HumanLPalm
v 0.175356 1.728849 0.520546
v 0.224793 1.711242 0.557659
v 0.174958 1.746503 0.529451
v 0.224396 1.728897 0.566564
v 0.127982 1.702304 0.571059
v 0.177419 1.684697 0.608172
v 0.127584 1.719959 0.579964
v 0.177022 1.702352 0.617077
vn 0.638764 0.357912 -0.681087
vn 0.769141 -0.273921 0.577398
vn 0.020094 -0.892673 -0.450256
vn 0.638764 0.357912 -0.681087
vn -0.769141 0.273921 -0.577398
vn -0.020094 0.892673 0.450256
vn -0.638764 -0.357912 0.681087
vn -0.769141 0.273921 -0.577398
usemtl default1
f 1142//1142 1144//1144 1145//1145
f 1145//1145 1143//1143 1142//1142
f 1146//1146 1147//1147 1149//1149
f 1149//1149 1148//1148 1146//1146
f 1142//1142 1143//1143 1147//1147
f 1147//1147 1146//1146 1142//1142
f 1143//1143 1145//1145 1149//1149
f 1149//1149 1147//1147 1143//1143
f 1145//1145 1144//1144 1148//1148
f 1148//1148 1149//1149 1145//1145
f 1144//1144 1142//1142 1146//1146
f 1146//1146 1148//1148 1144//1144
g Base_HumanLDigit11
v 0.154009 1.718060 0.533917
v 0.156341 1.722108 0.553654
v 0.148983 1.724190 0.533254
v 0.151315 1.728237 0.552991
v 0.118892 1.690327 0.543755
v 0.121224 1.694375 0.563492
v 0.113865 1.696457 0.543092
v 0.116197 1.700504 0.562829
vn 0.766489 0.605306 -0.214709
vn 0.114992 0.199566 0.973114
vn 0.631882 -0.770568 0.083362
vn 0.766489 0.605306 -0.214709
vn -0.114992 -0.199566 -0.973114
vn -0.631882 0.770568 -0.083362
vn -0.766489 -0.605306 0.214709
vn -0.114992 -0.199566 -0.973114
usemtl default1
f 1150//1150 1152//1152 1153//1153
f 1153//1153 1151//1151 1150//1150
f 1154//1154 1155//1155 1157//1157
f 1157//1157 1156//1156 1154//1154
f 1150//1150 1151//1151 1155//1155
f 1155//1155 1154//1154 1150//1150
f 1151//1151 1153//1153 1157//1157
f 1157//1157 1155//1155 1151//1151
f 1153//1153 1152//1152 1156//1156
f 1156//1156 1157//1157 1153//1153
f 1152//1152 1150//1150 1154//1154
f 1154//1154 1156//1156 1152//1152
g Base_HumanLDigit12
v 0.121881 1.691604 0.544054
v 0.120400 1.696069 0.563784
v 0.114689 1.694763 0.542800
v 0.113208 1.699227 0.562529
v 0.114103 1.675143 0.547196
v 0.112622 1.679607 0.566925
v 0.106911 1.678302 0.545941
v 0.105430 1.682766 0.565670
vn 0.421003 0.890982 -0.170024
vn -0.073010 0.220124 0.972736
vn 0.904117 -0.397108 0.157728
vn 0.421003 0.890982 -0.170024
vn 0.073010 -0.220124 -0.972736
vn -0.904117 0.397108 -0.157728
vn -0.421003 -0.890982 0.170024
vn 0.073010 -0.220124 -0.972736
usemtl default1
f 1158//1158 1160//1160 1161//1161
f 1161//1161 1159//1159 1158//1158
f 1162//1162 1163//1163 1165//1165
f 1165//1165 1164//1164 1162//1162
f 1158//1158 1159//1159 1163//1163
f 1163//1163 1162//1162 1158//1158
f 1159//1159 1161//1161 1165//1165
f 1165//1165 1163//1163 1159//1159
f 1161//1161 1160//1160 1164//1164
f 1164//1164 1165//1165 1161//1161
f 1160//1160 1158//1158 1162//1162
f 1162//1162 1164//1164 1160//1160
g Base_HumanLDigit21
v 0.136210 1.701860 0.575053
v 0.173724 1.701467 0.613209
v 0.130690 1.709707 0.580561
v 0.168204 1.709314 0.618717
v 0.110775 1.666671 0.599698
v 0.148289 1.666279 0.637854
v 0.105255 1.674518 0.605205
v 0.142770 1.674126 0.643361
vn 0.509458 0.704825 -0.493634
vn 0.701069 -0.007343 0.713056
vn 0.498956 -0.709344 -0.497870
vn 0.509458 0.704825 -0.493634
vn -0.701069 0.007343 -0.713056
vn -0.498956 0.709344 0.497870
vn -0.509458 -0.704825 0.493634
vn -0.701069 0.007343 -0.713056
usemtl default1
f 1166//1166 1168//1168 1169//1169
f 1169//1169 1167//1167 1166//1166
f 1170//1170 1171//1171 1173//1173
f 1173//1173 1172//1172 1170//1170
f 1166//1166 1167//1167 1171//1171
f 1171//1171 1170//1170 1166//1166
f 1167//1167 1169//1169 1173//1173
f 1173//1173 1171//1171 1167//1167
f 1169//1169 1168//1168 1172//1172
f 1172//1172 1173//1173 1169//1169
f 1168//1168 1166//1166 1170//1170
f 1170//1170 1172//1172 1168//1168
g Base_HumanLDigit22
v 0.110003 1.661334 0.601958
v 0.150665 1.677047 0.632990
v 0.102879 1.663750 0.610069
v 0.143541 1.679463 0.641101
v 0.113949 1.619905 0.617764
v 0.154611 1.635618 0.648797
v 0.106825 1.622321 0.625875
v 0.147487 1.638034 0.656908
vn -0.088641 0.930627 -0.355072
vn 0.759894 0.293645 0.579942
vn 0.643976 -0.218412 -0.733206
vn -0.088641 0.930627 -0.355072
vn -0.759894 -0.293645 -0.579942
vn -0.643976 0.218412 0.733206
vn 0.088641 -0.930627 0.355072
vn -0.759894 -0.293645 -0.579942
usemtl default1
f 1174//1174 1176//1176 1177//1177
f 1177//1177 1175//1175 1174//1174
f 1178//1178 1179//1179 1181//1181
f 1181//1181 1180//1180 1178//1178
f 1174//1174 1175//1175 1179//1179
f 1179//1179 1178//1178 1174//1174
f 1175//1175 1177//1177 1181//1181
f 1181//1181 1179//1179 1175//1175
f 1177//1177 1176//1176 1180//1180
f 1180//1180 1181//1181 1177//1177
f 1176//1176 1174//1174 1178//1178
f 1178//1178 1180//1180 1176//1176
g Base_HumanRCollarbone
v -0.037869 2.156329 0.547942
v -0.031672 2.124308 0.530178
v -0.049022 2.137517 0.577960
v -0.042824 2.105496 0.560196
v -0.168293 2.157544 0.500250
v -0.162096 2.125523 0.482486
v -0.179445 2.138733 0.530268
v -0.173248 2.106711 0.512504
vn 0.939143 -0.008751 0.343416
vn 0.166871 -0.862189 -0.478314
vn 0.300275 0.506512 -0.808258
vn 0.939143 -0.008751 0.343416
vn -0.166871 0.862189 0.478314
vn -0.300275 -0.506512 0.808258
vn -0.939143 0.008751 -0.343416
vn -0.166871 0.862189 0.478314
usemtl default1
f 1182//1182 1184//1184 1185//1185
f 1185//1185 1183//1183 1182//1182
f 1186//1186 1187//1187 1189//1189
f 1189//1189 1188//1188 1186//1186
f 1182//1182 1183//1183 1187//1187
f 1187//1187 1186//1186 1182//1182
f 1183//1183 1185//1185 1189//1189
f 1189//1189 1187//1187 1183//1183
f 1185//1185 1184//1184 1188//1188
f 1188//1188 1189//1189 1185//1185
f 1184//1184 1182//1182 1186//1186
f 1186//1186 1188//1188 1184//1184
g Base_HumanRUpperarm
v -0.200532 2.112977 0.478617
v -0.144880 2.117817 0.472494
v -0.196661 2.146438 0.540260
v -0.141009 2.151279 0.534138
v -0.170274 1.905289 0.589454
v -0.114621 1.910130 0.583332
v -0.166403 1.938751 0.651098
v -0.110750 1.943591 0.644975
vn -0.127486 0.875029 -0.466981
vn 0.990308 0.086139 -0.108946
vn -0.055106 -0.476345 -0.877530
vn -0.127486 0.875029 -0.466981
vn -0.990308 -0.086139 0.108946
vn 0.055106 0.476345 0.877530
vn 0.127486 -0.875029 0.466981
vn -0.990308 -0.086139 0.108946
usemtl default1
f 1190//1190 1192//1192 1193//1193
f 1193//1193 1191//1191 1190//1190
f 1194//1194 1195//1195 1197//1197
f 1197//1197 1196//1196 1194//1194
f 1190//1190 1191//1191 1195//1195
f 1195//1195 1194//1194 1190//1190
f 1191//1191 1193//1193 1197//1197
f 1197//1197 1195//1195 1191//1191
f 1193//1193 1192//1192 1196//1196
f 1196//1196 1197//1197 1193//1193
f 1192//1192 1190//1190 1194//1194
f 1194//1194 1196//1196 1192//1192
g Base_HumanRForearm
v -0.166821 1.903234 0.620727
v -0.123009 1.900083 0.601260
v -0.158015 1.948798 0.633170
v -0.114203 1.945647 0.613703
v -0.070394 1.821729 0.850933
v -0.026582 1.818578 0.831465
v -0.061588 1.867293 0.863376
v -0.017776 1.864142 0.843909
vn -0.367263 0.310429 -0.876785
vn 0.911879 -0.065590 -0.405185
vn -0.183290 -0.948331 -0.258985
vn -0.367263 0.310429 -0.876785
vn -0.911879 0.065590 0.405185
vn 0.183290 0.948331 0.258985
vn 0.367263 -0.310429 0.876785
vn -0.911879 0.065590 0.405185
usemtl default1
f 1198//1198 1200//1200 1201//1201
f 1201//1201 1199//1199 1198//1198
f 1202//1202 1203//1203 1205//1205
f 1205//1205 1204//1204 1202//1202
f 1198//1198 1199//1199 1203//1203
f 1203//1203 1202//1202 1198//1198
f 1199//1199 1201//1201 1205//1205
f 1205//1205 1203//1203 1199//1199
f 1201//1201 1200//1200 1204//1204
f 1204//1204 1205//1205 1201//1201
f 1200//1200 1198//1198 1202//1202
f 1202//1202 1204//1204 1200//1200
g Base_HumanRPalm
v -0.064959 1.820821 0.861769
v -0.014859 1.847205 0.831349
v -0.073310 1.838665 0.863492
v -0.023211 1.865050 0.833073
v -0.030637 1.830605 0.926783
v 0.019463 1.856989 0.896363
v -0.038988 1.848449 0.928506
v 0.011112 1.874834 0.898087
vn -0.462778 -0.131920 -0.876604
vn 0.779443 0.410484 -0.473257
vn 0.422262 -0.902276 -0.087139
vn -0.462778 -0.131920 -0.876604
vn -0.779443 -0.410484 0.473257
vn -0.422262 0.902276 0.087139
vn 0.462778 0.131920 0.876604
vn -0.779443 -0.410484 0.473257
usemtl default1
f 1206//1206 1208//1208 1209//1209
f 1209//1209 1207//1207 1206//1206
f 1210//1210 1211//1211 1213//1213
f 1213//1213 1212//1212 1210//1210
f 1206//1206 1207//1207 1211//1211
f 1211//1211 1210//1210 1206//1206
f 1207//1207 1209//1209 1213//1213
f 1213//1213 1211//1211 1207//1207
f 1209//1209 1208//1208 1212//1212
f 1212//1212 1213//1213 1209//1209
f 1208//1208 1206//1206 1210//1210
f 1210//1210 1212//1212 1208//1208
g Base_HumanRDigit11
v -0.005578 1.857843 0.868288
v 0.004236 1.850180 0.852277
v -0.004851 1.865153 0.865235
v 0.004963 1.857490 0.849224
v 0.034298 1.863047 0.890240
v 0.044112 1.855384 0.874230
v 0.035025 1.870356 0.887188
v 0.044839 1.862693 0.871177
vn -0.870358 -0.113576 -0.479143
vn 0.483871 -0.377804 -0.789388
vn -0.091367 -0.918895 0.383776
vn -0.870358 -0.113576 -0.479143
vn -0.483871 0.377804 0.789388
vn 0.091367 0.918895 -0.383776
vn 0.870358 0.113576 0.479143
vn -0.483871 0.377804 0.789388
usemtl default1
f 1214//1214 1216//1216 1217//1217
f 1217//1217 1215//1215 1214//1214
f 1218//1218 1219//1219 1221//1221
f 1221//1221 1220//1220 1218//1218
f 1214//1214 1215//1215 1219//1219
f 1219//1219 1218//1218 1214//1214
f 1215//1215 1217//1217 1221//1221
f 1221//1221 1219//1219 1215//1215
f 1217//1217 1216//1216 1220//1220
f 1220//1220 1221//1221 1217//1217
f 1216//1216 1214//1214 1218//1218
f 1218//1218 1220//1220 1216//1216
g Base_HumanRDigit12
v 0.034982 1.864770 0.890405
v 0.041791 1.854213 0.874482
v 0.037346 1.871527 0.886936
v 0.044156 1.860970 0.871013
v 0.051495 1.863165 0.898532
v 0.058305 1.852607 0.882609
v 0.053860 1.869922 0.895063
v 0.060669 1.859364 0.879140
vn -0.893840 0.086897 -0.439886
vn 0.335751 -0.520530 -0.785061
vn -0.297191 -0.849413 0.436090
vn -0.893840 0.086897 -0.439886
vn -0.335751 0.520530 0.785061
vn 0.297191 0.849413 -0.436090
vn 0.893840 -0.086897 0.439886
vn -0.335751 0.520530 0.785061
usemtl default1
f 1222//1222 1224//1224 1225//1225
f 1225//1225 1223//1223 1222//1222
f 1226//1226 1227//1227 1229//1229
f 1229//1229 1228//1228 1226//1226
f 1222//1222 1223//1223 1227//1227
f 1227//1227 1226//1226 1222//1222
f 1223//1223 1225//1225 1229//1229
f 1229//1229 1227//1227 1223//1223
f 1225//1225 1224//1224 1228//1228
f 1228//1228 1229//1229 1225//1225
f 1224//1224 1222//1222 1226//1226
f 1226//1226 1228//1228 1224//1224
g Base_HumanRDigit21
v -0.033240 1.841873 0.921738
v 0.007879 1.865310 0.896773
v -0.030858 1.847510 0.930954
v 0.010262 1.870947 0.905988
v -0.003156 1.804898 0.936578
v 0.037964 1.828334 0.911613
v -0.000773 1.810535 0.945794
v 0.040346 1.833971 0.920829
vn -0.602596 0.740624 -0.297246
vn 0.768441 0.437983 -0.466550
vn -0.215348 -0.509561 -0.833050
vn -0.602596 0.740624 -0.297246
vn -0.768441 -0.437983 0.466550
vn 0.215348 0.509561 0.833050
vn 0.602596 -0.740624 0.297246
vn -0.768441 -0.437983 0.466550
usemtl default1
f 1230//1230 1232//1232 1233//1233
f 1233//1233 1231//1231 1230//1230
f 1234//1234 1235//1235 1237//1237
f 1237//1237 1236//1236 1234//1234
f 1230//1230 1231//1231 1235//1235
f 1235//1235 1234//1234 1230//1230
f 1231//1231 1233//1233 1237//1237
f 1237//1237 1235//1235 1231//1231
f 1233//1233 1232//1232 1236//1236
f 1236//1236 1237//1237 1233//1233
f 1232//1232 1230//1230 1234//1234
f 1234//1234 1236//1236 1232//1232
g Base_HumanRDigit22
v -0.005361 1.810600 0.938424
v 0.035387 1.834356 0.913153
v 0.001803 1.804513 0.944254
v 0.042552 1.828268 0.918983
v -0.006515 1.779120 0.906969
v 0.034233 1.802875 0.881699
v 0.000649 1.773032 0.912799
v 0.041397 1.796788 0.887528
vn 0.025934 0.707162 0.706576
vn 0.761504 0.443942 -0.472258
vn -0.647642 0.550308 -0.526993
vn 0.025934 0.707162 0.706576
vn -0.761504 -0.443942 0.472258
vn 0.647642 -0.550308 0.526993
vn -0.025934 -0.707162 -0.706576
vn -0.761504 -0.443942 0.472258
usemtl default1
f 1238//1238 1240//1240 1241//1241
f 1241//1241 1239//1239 1238//1238
f 1242//1242 1243//1243 1245//1245
f 1245//1245 1244//1244 1242//1242
f 1238//1238 1239//1239 1243//1243
f 1243//1243 1242//1242 1238//1238
f 1239//1239 1241//1241 1245//1245
f 1245//1245 1243//1243 1239//1239
f 1241//1241 1240//1240 1244//1244
f 1244//1244 1245//1245 1241//1241
f 1240//1240 1238//1238 1242//1242
f 1242//1242 1244//1244 1240//1240
g Base_HumanNeck1
v 0.018137 2.222958 0.485049
v -0.018220 2.222958 0.485048
v 0.018136 2.196892 0.510394
v -0.018221 2.196892 0.510393
v 0.018136 2.251978 0.514894
v -0.018221 2.251978 0.514894
v 0.018136 2.225911 0.540239
v -0.018221 2.225911 0.540239
vn 0.000009 -0.697115 -0.716960
vn -1.000000 -0.000000 -0.000013
vn 0.000009 0.716960 -0.697115
vn 0.000009 -0.697115 -0.716960
vn 1.000000 0.000000 0.000013
vn -0.000009 -0.716960 0.697115
vn -0.000009 0.697115 0.716960
vn 1.000000 0.000000 0.000013
usemtl default1
f 1246//1246 1248//1248 1249//1249
f 1249//1249 1247//1247 1246//1246
f 1250//1250 1251//1251 1253//1253
f 1253//1253 1252//1252 1250//1250
f 1246//1246 1247//1247 1251//1251
f 1251//1251 1250//1250 1246//1246
f 1247//1247 1249//1249 1253//1253
f 1253//1253 1251//1251 1247//1247
f 1249//1249 1248//1248 1252//1252
f 1252//1252 1253//1253 1249//1249
f 1248//1248 1246//1246 1250//1250
f 1250//1250 1252//1252 1248//1248
g Base_HumanNeck2
v 0.019219 2.245247 0.509366
v -0.019303 2.245247 0.509366
v 0.019218 2.232643 0.545767
v -0.019303 2.232643 0.545767
v 0.019218 2.315253 0.533606
v -0.019303 2.315253 0.533605
v 0.019218 2.302649 0.570007
v -0.019304 2.302649 0.570007
vn 0.000004 -0.944958 -0.327192
vn -1.000000 -0.000000 -0.000013
vn 0.000012 0.327193 -0.944958
vn 0.000004 -0.944958 -0.327192
vn 1.000000 0.000000 0.000013
vn -0.000012 -0.327193 0.944958
vn -0.000004 0.944958 0.327192
vn 1.000000 0.000000 0.000013
usemtl default1
f 1254//1254 1256//1256 1257//1257
f 1257//1257 1255//1255 1254//1254
f 1258//1258 1259//1259 1261//1261
f 1261//1261 1260//1260 1258//1258
f 1254//1254 1255//1255 1259//1259
f 1259//1259 1258//1258 1254//1254
f 1255//1255 1257//1257 1261//1261
f 1261//1261 1259//1259 1255//1255
f 1257//1257 1256//1256 1260//1260
f 1260//1260 1261//1261 1257//1257
f 1256//1256 1254//1254 1258//1258
f 1258//1258 1260//1260 1256//1256
g Base_HumanHead
v 0.061836 2.259939 0.529343
v -0.061921 2.259939 0.529341
v 0.061834 2.257227 0.664304
v -0.061923 2.257227 0.664303
v 0.061836 2.477491 0.533713
v -0.061921 2.477491 0.533711
v 0.061834 2.474780 0.668675
v -0.061923 2.474780 0.668673
vn 0.000000 -0.999798 -0.020084
vn -1.000000 -0.000000 -0.000013
vn 0.000013 0.020084 -0.999798
vn 0.000000 -0.999798 -0.020084
vn 1.000000 0.000000 0.000013
vn -0.000013 -0.020084 0.999798
vn -0.000000 0.999798 0.020084
vn 1.000000 0.000000 0.000013
usemtl default1
f 1262//1262 1264//1264 1265//1265
f 1265//1265 1263//1263 1262//1262
f 1266//1266 1267//1267 1269//1269
f 1269//1269 1268//1268 1266//1266
f 1262//1262 1263//1263 1267//1267
f 1267//1267 1266//1266 1262//1262
f 1263//1263 1265//1265 1269//1269
f 1269//1269 1267//1267 1263//1263
f 1265//1265 1264//1264 1268//1268
f 1268//1268 1269//1269 1265//1265
f 1264//1264 1262//1262 1266//1266
f 1266//1266 1268//1268 1264//1264
g jockey_LOD
v -0.068187 2.459573 0.630426
v -0.035260 2.466538 0.670154
v -0.021956 2.494595 0.636896
v -0.041024 2.491355 0.605005
v -0.081158 2.454087 0.577865
v -0.048009 2.490894 0.578272
v -0.060979 2.456255 0.525125
v -0.032265 2.492818 0.554248
v -0.000003 2.494648 0.540424
v -0.000002 2.459281 0.495912
v -0.075948 2.416356 0.639981
v -0.037921 2.429523 0.685600
v -0.056029 2.398792 0.675542
v -0.033512 2.402746 0.693295
v -0.092688 2.395625 0.579019
v -0.077146 2.375345 0.641126
v -0.092466 2.410722 0.578213
v -0.067964 2.415509 0.516544
v -0.068075 2.409087 0.516082
v -0.000002 2.415468 0.479951
v -0.090720 2.360280 0.581015
v -0.076175 2.347007 0.539045
v -0.000002 2.335847 0.493778
v -0.054411 2.336121 0.517705
v -0.065295 2.382513 0.659805
v -0.000002 2.331782 0.508351
v -0.043853 2.332487 0.526900
v -0.000002 2.421230 0.480177
v -0.070249 2.345436 0.547527
v -0.076499 2.357910 0.586356
v -0.000004 2.467211 0.680813
v -0.000004 2.496111 0.644246
v -0.000005 2.402909 0.701273
v -0.000005 2.431182 0.696834
v -0.000003 2.505483 0.586217
v -0.056892 2.396706 0.709661
v -0.037283 2.399682 0.727825
v -0.000005 2.399487 0.737520
v -0.056892 2.395629 0.709639
v -0.047410 2.395785 0.675051
v -0.025000 2.399784 0.690541
v -0.037499 2.398176 0.727687
v -0.065187 2.380458 0.660195
v -0.000005 2.400019 0.694965
v -0.000005 2.398304 0.737388
v -0.073159 2.370970 0.638991
v -0.000005 2.379523 0.701342
v -0.064325 2.306824 0.635008
v -0.068203 2.345938 0.635147
v -0.073698 2.345749 0.612406
v -0.068526 2.305010 0.607277
v -0.064244 2.283788 0.578627
v -0.060847 2.276961 0.614607
v -0.072835 2.306833 0.582528
v -0.057753 2.279620 0.637371
v -0.039269 2.241902 0.623753
v -0.037605 2.250622 0.643255
v -0.000373 2.230732 0.626604
v -0.000070 2.241056 0.646411
v -0.058938 2.380564 0.654917
v -0.000005 2.379658 0.694663
v -0.067449 2.371028 0.636082
v -0.073590 2.368978 0.630869
v -0.092799 2.388741 0.579435
v -0.082640 2.369364 0.616975
v -0.074129 2.363332 0.643687
v -0.064002 2.340549 0.651311
v -0.058292 2.338813 0.667979
v -0.059692 2.348776 0.676262
v -0.061632 2.364273 0.677327
v -0.007331 2.346730 0.697666
v -0.000005 2.364044 0.699415
v -0.070682 2.372929 0.648729
v -0.063248 2.374016 0.664376
v -0.000005 2.373655 0.698422
v -0.000005 2.347702 0.697578
v 0.068179 2.459573 0.630428
v 0.041017 2.491355 0.605007
v 0.021948 2.494595 0.636897
v 0.035251 2.466538 0.670155
v 0.081152 2.454087 0.577867
v 0.048002 2.490894 0.578273
v 0.060974 2.456255 0.525127
v 0.032259 2.492818 0.554248
v 0.037912 2.429523 0.685601
v 0.075940 2.416356 0.639983
v 0.033503 2.402746 0.693296
v 0.056020 2.398792 0.675544
v 0.077138 2.375345 0.641128
v 0.092682 2.395625 0.579021
v 0.092460 2.410722 0.578215
v 0.067959 2.415509 0.516546
v 0.068070 2.409087 0.516084
v 0.090714 2.360281 0.581018
v 0.076170 2.347007 0.539047
v 0.054406 2.336121 0.517707
v 0.065286 2.382513 0.659807
v 0.043849 2.332470 0.526970
v 0.076492 2.357910 0.586358
v 0.070244 2.345436 0.547529
v 0.056882 2.396706 0.709662
v 0.037273 2.399682 0.727826
v 0.056882 2.395629 0.709641
v 0.037488 2.398176 0.727688
v 0.024991 2.399784 0.690542
v 0.047401 2.395785 0.675052
v 0.065179 2.380458 0.660197
v 0.073152 2.370970 0.638993
v 0.064317 2.306824 0.635010
v 0.068519 2.305010 0.607279
v 0.073691 2.345749 0.612408
v 0.068196 2.345938 0.635149
v 0.063673 2.285049 0.578709
v 0.072829 2.306908 0.582532
v 0.060762 2.277382 0.614698
v 0.057745 2.279620 0.637373
v 0.038464 2.244782 0.625592
v 0.037603 2.249935 0.642927
v 0.058930 2.380564 0.654918
v 0.067441 2.371028 0.636084
v 0.073583 2.368978 0.630870
v 0.092793 2.388741 0.579437
v 0.082633 2.369364 0.616977
v 0.074121 2.363332 0.643688
v 0.059684 2.348776 0.676263
v 0.058283 2.338813 0.667981
v 0.063993 2.340549 0.651313
v 0.061623 2.364273 0.677329
v 0.007322 2.346730 0.697666
v 0.070673 2.372929 0.648730
v 0.063239 2.374016 0.664378
v -0.080593 2.371559 0.625748
v -0.082640 2.369364 0.616975
v 0.082633 2.369364 0.616977
v 0.080586 2.371559 0.625750
v -0.080593 2.371559 0.625748
v -0.076499 2.357910 0.586356
v -0.073159 2.370970 0.638991
v -0.072082 2.354180 0.643287
v 0.080586 2.371559 0.625750
v 0.076492 2.357910 0.586358
v 0.073152 2.370970 0.638993
v 0.072074 2.354180 0.643289
v -0.043853 2.332412 0.526899
v -0.070249 2.345360 0.547525
v 0.043849 2.332470 0.526970
v 0.070244 2.345436 0.547529
v -0.000005 2.353842 0.692198
v -0.000336 2.235765 0.627773
v -0.000005 2.286283 0.691337
v -0.000005 2.295488 0.693601
v -0.000002 2.331835 0.508334
v -0.000004 2.256704 0.683638
v -0.043805 2.332491 0.526928
v -0.040304 2.279052 0.659613
v -0.028900 2.258702 0.670625
v -0.049979 2.268083 0.628785
v -0.072193 2.352605 0.606347
v -0.055012 2.227565 0.581249
v -0.058716 2.247167 0.548287
v -0.076463 2.357938 0.586393
v -0.000005 2.370040 0.697623
v -0.014870 2.344437 0.684792
v -0.039595 2.213191 0.599926
v -0.049747 2.268178 0.602745
v -0.029763 2.317438 0.680335
v -0.053283 2.305574 0.647774
v -0.045532 2.336868 0.669783
v -0.062647 2.354088 0.639641
v -0.058927 2.380564 0.654966
v -0.062264 2.326868 0.640364
v -0.067743 2.315250 0.606536
v -0.076340 2.348594 0.582001
v -0.035889 2.245689 0.618805
v -0.075521 2.318612 0.599177
v -0.082379 2.323336 0.581048
v -0.025421 2.289708 0.677056
v -0.013079 2.297198 0.689701
v -0.050944 2.363273 0.668625
v -0.056139 2.306898 0.567878
v -0.070302 2.345446 0.547570
v -0.011189 2.312323 0.687013
v -0.064210 2.317273 0.569651
v -0.070165 2.316777 0.589494
v -0.060362 2.287525 0.604424
v -0.074720 2.346188 0.604148
v -0.081026 2.358342 0.590691
v -0.082124 2.341913 0.571630
v -0.079976 2.313489 0.579754
v -0.007570 2.320099 0.707971
v -0.000005 2.314226 0.708364
v -0.017691 2.316904 0.684708
v -0.078413 2.306433 0.585602
v -0.072489 2.305084 0.600757
v -0.084331 2.358661 0.581874
v -0.085037 2.357502 0.591323
v -0.049055 2.352620 0.662717
v -0.000005 2.310713 0.693553
v -0.012710 2.286757 0.688738
v -0.011160 2.291426 0.684132
v -0.000005 2.291358 0.689326
v -0.014038 2.256929 0.681216
v -0.035967 2.315317 0.534697
v -0.000005 2.320134 0.712383
v -0.000005 2.379681 0.694713
v -0.000037 2.315998 0.522527
v -0.000004 2.249559 0.664586
v -0.043805 2.332491 0.526928
v -0.067482 2.371025 0.636099
v 0.040295 2.279052 0.659614
v 0.028891 2.258702 0.670626
v 0.051754 2.226387 0.583297
v 0.048932 2.269303 0.603322
v 0.055655 2.247658 0.551968
v 0.014861 2.344437 0.684792
v 0.025412 2.289708 0.677057
v 0.034926 2.247764 0.620149
v 0.062639 2.354088 0.639643
v 0.072186 2.352605 0.606349
v 0.067736 2.315251 0.606538
v 0.062256 2.326868 0.640365
v 0.076457 2.357939 0.586395
v 0.076334 2.348594 0.582003
v 0.049972 2.268059 0.628784
v 0.049046 2.352620 0.662718
v 0.050935 2.363273 0.668627
v 0.055922 2.307477 0.567604
v 0.070297 2.345446 0.547572
v 0.013070 2.297198 0.689701
v 0.011180 2.312323 0.687013
v 0.029754 2.317438 0.680336
v 0.064204 2.317273 0.569653
v 0.060311 2.287735 0.604439
v 0.070159 2.316777 0.589496
v 0.053275 2.305574 0.647776
v 0.045524 2.336868 0.669784
v 0.074713 2.346188 0.604150
v 0.081019 2.358342 0.590693
v 0.082373 2.323336 0.581050
v 0.043802 2.332473 0.526998
v 0.043802 2.332473 0.526998
v 0.007560 2.320099 0.707971
v 0.017682 2.316904 0.684708
v 0.075514 2.318612 0.599179
v 0.078406 2.306433 0.585604
v 0.072482 2.305084 0.600759
v 0.085030 2.357502 0.591325
v 0.082118 2.341913 0.571632
v 0.079969 2.313489 0.579756
v 0.012701 2.286757 0.688738
v 0.011151 2.291426 0.684132
v 0.035953 2.314949 0.535832
v 0.014029 2.256929 0.681216
v 0.058919 2.380564 0.654968
v 0.084324 2.358661 0.581877
v 0.067474 2.371025 0.636100
v -0.220673 2.127372 0.514459
v -0.202193 2.116742 0.472028
v -0.202272 2.052464 0.494437
v -0.219578 2.066691 0.536116
v -0.208788 2.086079 0.575993
v -0.109823 1.943057 0.609488
v -0.120794 1.954593 0.640414
v -0.138553 2.098204 0.554838
v -0.138530 2.065777 0.530452
v -0.074870 1.847908 0.855385
v -0.064332 1.847063 0.853987
v -0.054304 1.864945 0.854760
v -0.064404 1.871819 0.858131
v -0.110763 1.889783 0.640575
v -0.077140 1.825695 0.846328
v -0.128639 2.096638 0.433701
v -0.126792 2.085499 0.494104
v -0.207965 2.132725 0.552063
v -0.129959 1.919250 0.585334
v -0.191840 1.928996 0.592055
v -0.205433 1.948911 0.621532
v -0.170928 1.954349 0.655622
v -0.105127 1.934606 0.617634
v -0.095830 1.925244 0.629671
v -0.125181 1.895448 0.609286
v -0.175441 1.889100 0.661800
v -0.192493 1.903428 0.616842
v -0.187005 1.922777 0.668776
v -0.194324 1.933408 0.644026
v -0.025025 1.866015 0.839069
v -0.030270 1.859100 0.839005
v -0.031998 1.847868 0.837497
v -0.023000 1.849759 0.830483
v -0.061474 1.831210 0.851182
v -0.065339 1.832047 0.848752
v -0.039476 1.822645 0.831398
v -0.158545 2.131560 0.435551
v -0.133841 2.121480 0.405509
v -0.143223 2.033477 0.441897
v -0.130987 2.061991 0.380511
v -0.126507 2.000256 0.479661
v -0.000730 2.143382 0.584278
v -0.184485 2.174953 0.504338
v -0.171495 2.160484 0.549760
v -0.072841 2.196177 0.563536
v -0.077861 2.224132 0.528470
v -0.139714 1.757962 0.349013
v -0.165407 1.711255 0.367074
v -0.093509 1.733034 0.417412
v -0.141868 1.660493 0.706926
v -0.204295 1.692347 0.699213
v -0.219784 1.561478 0.697718
v -0.274404 1.387279 0.534681
v -0.278163 1.408766 0.494844
v -0.042079 2.246488 0.505370
v -0.000690 2.248696 0.502371
v -0.145053 1.850851 0.298318
v -0.165121 1.840345 0.350937
v -0.140210 1.818302 0.421122
v 0.000246 2.115628 0.337250
v -0.044212 2.179011 0.586377
v 0.000392 1.971822 0.515506
v 0.000445 2.032200 0.552586
v -0.163185 1.777521 0.322547
v -0.052457 1.547645 0.363370
v -0.078951 1.564813 0.316493
v -0.193788 1.666493 0.433581
v -0.125870 1.714349 0.483844
v -0.270492 1.654675 0.667694
v -0.140244 1.572858 0.692020
v -0.056110 1.580293 0.558290
v -0.201489 1.544710 0.666610
v -0.078888 1.730156 0.240783
v -0.246712 1.594549 0.821767
v -0.325438 1.559960 0.710353
v -0.232176 1.515004 0.736603
v -0.279369 1.495197 0.763006
v -0.216703 1.582416 0.850157
v -0.243381 1.601045 0.877151
v -0.000018 1.737690 0.241920
v -0.080031 1.668946 0.241417
v 0.000015 1.680736 0.240902
v -0.309864 1.511322 0.753391
v -0.166619 2.186700 0.459928
v -0.280762 1.624040 0.869054
v -0.313518 1.629319 0.829424
v -0.231858 1.601454 0.803544
v -0.322028 1.618621 0.813861
v -0.277529 1.256944 0.703010
v -0.325308 1.386004 0.577253
v -0.334337 1.371799 0.540686
v -0.320347 1.256816 0.703462
v -0.295005 1.382188 0.582130
v -0.266969 1.300139 0.549754
v -0.347427 1.320328 0.509160
v -0.328407 1.396250 0.515649
v -0.269666 1.321442 0.473126
v -0.277130 1.330340 0.445529
v -0.270672 1.315498 0.511011
v -0.336270 1.324521 0.470321
v -0.039566 2.267868 0.521348
v -0.000726 2.270913 0.517093
v -0.060373 2.226676 0.581363
v -0.041814 2.209795 0.603604
v -0.065528 2.248439 0.546412
v -0.001249 2.202058 0.609745
v 0.000845 1.767536 0.465731
v -0.044770 1.825431 0.838300
v -0.034653 2.266195 0.524289
v -0.000702 2.269707 0.520878
v -0.264369 1.568366 0.867376
v -0.298685 1.586290 0.860959
v -0.222636 1.568977 0.832912
v -0.059157 1.847722 0.859686
v -0.063634 1.837856 0.859231
v 0.015736 1.851318 0.886169
v 0.015451 1.862091 0.896488
v -0.027340 1.842592 0.847788
v -0.044120 1.820753 0.852391
v -0.039688 1.826464 0.927072
v -0.026089 1.867247 0.846235
v -0.038415 1.847931 0.931828
v -0.066559 1.832432 0.866804
v 0.060146 1.861751 0.879174
v 0.064221 1.868649 0.881806
v 0.028497 1.790316 0.893546
v 0.023101 1.798201 0.891601
v -0.001532 1.778609 0.909627
v 0.001734 1.773060 0.915742
v -0.003793 1.787992 0.917284
v -0.000459 1.781323 0.921441
v -0.044534 1.835290 0.932158
v 0.033878 1.835401 0.904317
v 0.024314 1.825167 0.941109
v -0.023727 1.805397 0.934723
v -0.023204 1.808420 0.942663
v -0.014890 1.812900 0.945605
v -0.023705 1.847793 0.846116
v 0.021989 1.867301 0.884833
v 0.017189 1.859536 0.854480
v 0.016930 1.846845 0.856983
v 0.047474 1.856145 0.872629
v -0.014896 1.782315 0.928219
v -0.006022 1.781232 0.927213
v -0.014280 1.784479 0.927577
v 0.033017 1.811191 0.888064
v 0.041582 1.866525 0.889611
v 0.055826 1.869585 0.894966
v 0.056451 1.860892 0.898810
v 0.040452 1.856596 0.891702
v 0.045266 1.865537 0.870940
v 0.212156 2.133450 0.529148
v 0.225946 2.154497 0.489795
v 0.248735 2.099255 0.471223
v 0.226977 2.074144 0.506803
v 0.186185 2.055912 0.519760
v 0.194658 1.940834 0.367080
v 0.183195 1.931570 0.401352
v 0.134309 2.073742 0.469918
v 0.132963 2.053846 0.503462
v 0.214368 1.749281 0.564467
v 0.209061 1.742515 0.558731
v 0.189377 1.747498 0.558568
v 0.189091 1.755601 0.566583
v 0.230686 1.890538 0.393420
v 0.234795 1.740593 0.553532
v 0.166578 2.124400 0.391527
v 0.148549 2.089589 0.424935
v 0.177775 2.109881 0.542615
v 0.232824 1.952762 0.362346
v 0.266014 1.964292 0.419622
v 0.247366 1.954341 0.446535
v 0.211180 1.944212 0.442010
v 0.195209 1.925201 0.372396
v 0.194843 1.906225 0.379842
v 0.240420 1.919065 0.372198
v 0.267592 1.919831 0.440654
v 0.277238 1.944614 0.420166
v 0.246649 1.937906 0.457543
v 0.246444 1.947688 0.444903
v 0.170480 1.733519 0.532014
v 0.178781 1.734073 0.533289
v 0.189746 1.727570 0.530412
v 0.184097 1.725350 0.520660
v 0.224214 1.725479 0.553422
v 0.223044 1.734955 0.551659
v 0.214882 1.718836 0.523629
v 0.197111 2.176787 0.438451
v 0.169887 2.154607 0.386554
v 0.151800 2.033944 0.413325
v 0.142469 2.069119 0.364693
v 0.127496 1.998467 0.471216
v 0.173081 2.181141 0.532122
v 0.147111 2.146297 0.555938
v 0.066970 2.195251 0.569074
v 0.072827 2.225573 0.538108
v 0.138544 1.760072 0.346679
v 0.164850 1.713275 0.367234
v 0.093317 1.732654 0.419151
v 0.150895 1.639722 0.712487
v 0.211662 1.668111 0.700825
v 0.231986 1.531473 0.681818
v 0.296487 1.370980 0.506976
v 0.299119 1.395186 0.472156
v 0.040040 2.247854 0.509208
v 0.145318 1.850776 0.298160
v 0.165431 1.840421 0.350482
v 0.140403 1.819981 0.422437
v 0.000018 1.837621 0.232766
v -0.001131 2.177554 0.594127
v 0.040868 2.178419 0.588020
v 0.000120 2.191909 0.395868
v 0.162534 1.773590 0.321176
v 0.000005 1.795600 0.244406
v 0.079288 1.548779 0.361348
v 0.088002 1.568516 0.306287
v 0.000419 1.582650 0.300341
v 0.000775 1.577489 0.379682
v 0.197515 1.669999 0.438101
v 0.128316 1.710940 0.487231
v 0.277165 1.633839 0.665263
v 0.147470 1.557296 0.702348
v 0.056185 1.569397 0.549905
v 0.211134 1.526767 0.665686
v 0.076491 1.740509 0.236596
v 0.253494 1.560710 0.810457
v 0.337628 1.533922 0.693874
v 0.246923 1.482236 0.717196
v 0.295154 1.462360 0.741423
v 0.226741 1.543164 0.838596
v 0.255600 1.558027 0.866888
v 0.078757 1.675600 0.235160
v 0.324765 1.480998 0.732510
v 0.174036 2.210290 0.488875
v 0.293392 1.580141 0.860204
v 0.321070 1.594971 0.820525
v 0.000835 1.595163 0.446797
v 0.000681 1.617244 0.481007
v 0.000005 1.700675 0.465458
v 0.239416 1.566736 0.790574
v 0.330212 1.584742 0.800242
v 0.282216 1.228137 0.663963
v 0.344033 1.367771 0.550625
v 0.353963 1.354687 0.506090
v 0.324821 1.227501 0.668206
v 0.313434 1.364031 0.553520
v 0.286568 1.282261 0.513539
v 0.370520 1.304856 0.483390
v 0.346883 1.383694 0.477182
v 0.295521 1.309710 0.439581
v 0.303948 1.321589 0.413943
v 0.294016 1.300279 0.476456
v 0.361879 1.310434 0.444313
v 0.037693 2.268588 0.523398
v 0.056813 2.225271 0.583685
v 0.038968 2.204803 0.601583
v 0.036826 2.208638 0.598206
v 0.062194 2.249053 0.550709
v 0.000048 1.800860 0.474692
v 0.214602 1.720155 0.532167
v 0.032902 2.266765 0.525984
v -0.001285 2.205398 0.606831
v 0.277311 1.526212 0.851628
v 0.311637 1.543531 0.844287
v 0.234011 1.529129 0.817677
v 0.206601 1.737843 0.562088
v 0.139293 1.699294 0.561432
v 0.132302 1.704575 0.573989
v 0.187411 1.717809 0.536987
v 0.213231 1.709026 0.543076
v 0.216485 1.713716 0.556390
v 0.186552 1.684380 0.612948
v 0.172245 1.743056 0.542436
v 0.135011 1.718495 0.593843
v 0.159837 1.716316 0.615740
v 0.220990 1.720902 0.566139
v 0.103244 1.673853 0.548258
v 0.099949 1.680334 0.550483
v 0.124838 1.627615 0.625871
v 0.126854 1.621302 0.642253
v 0.149540 1.637481 0.650524
v 0.141462 1.634440 0.655475
v 0.151566 1.648976 0.644866
v 0.147836 1.649244 0.652897
v 0.186041 1.693783 0.620542
v 0.115138 1.670819 0.590914
v 0.113403 1.639053 0.605795
v 0.117235 1.679884 0.629679
v 0.120092 1.647177 0.639856
v 0.134495 1.678186 0.642670
v 0.135442 1.655724 0.652497
v 0.168061 1.671520 0.639209
v 0.165163 1.676944 0.644855
v 0.160543 1.655889 0.646444
v 0.160317 1.664160 0.650536
v 0.180065 1.721560 0.535465
v 0.126747 1.708798 0.562981
v 0.137441 1.717078 0.534345
v 0.145525 1.706383 0.534033
v 0.115778 1.683197 0.542598
v 0.161890 1.655548 0.654037
v 0.161547 1.651618 0.648586
v 0.113898 1.688509 0.562953
v 0.104418 1.679269 0.565412
v 0.110735 1.673165 0.566135
v 0.121307 1.682909 0.562669
v 0.109745 1.689618 0.544837
v -0.033932 1.643432 0.488327
v 0.035653 1.634677 0.484520
v -0.007624 1.874422 0.916758
vt 0.122154 0.177276
vt 0.093246 0.157483
vt 0.117812 0.143845
vt 0.134796 0.153023
vt 0.155481 0.178724
vt 0.148248 0.154854
vt 0.178899 0.161548
vt 0.158347 0.146911
vt 0.163545 0.133287
vt 0.188858 0.133360
vt 0.113793 0.208542
vt 0.064646 0.176154
vt 0.067084 0.217735
vt 0.032188 0.189182
vt 0.172703 0.213760
vt 0.135417 0.247557
vt 0.115297 0.246913
vt 0.166983 0.204363
vt 0.197657 0.173352
vt 0.201301 0.174019
vt 0.213451 0.133431
vt 0.189387 0.236920
vt 0.231571 0.213441
vt 0.266185 0.133583
vt 0.253558 0.189045
vt 0.088215 0.239074
vt 0.279010 0.133620
vt 0.267858 0.191038
vt 0.209588 0.133420
vt 0.235832 0.224086
vt 0.191318 0.253886
vt 0.084322 0.133059
vt 0.114150 0.133145
vt 0.004587 0.132829
vt 0.047079 0.132951
vt 0.143135 0.133229
vt 0.382018 0.278554
vt 0.395780 0.294136
vt 0.368963 0.296985
vt 0.355543 0.279020
vt 0.344067 0.263931
vt 0.403219 0.322955
vt 0.375065 0.322939
vt 0.345860 0.365430
vt 0.319093 0.358232
vt 0.331031 0.340616
vt 0.359766 0.350275
vt 0.306722 0.375778
vt 0.334440 0.321295
vt 0.367254 0.321295
vt 0.117201 0.254847
vt 0.087328 0.242464
vt 0.344527 0.262376
vt 0.382080 0.277722
vt 0.396644 0.293403
vt 0.404115 0.322955
vt 0.382579 0.277920
vt 0.041494 0.315137
vt 0.040231 0.336472
vt 0.029904 0.355258
vt 0.041455 0.295068
vt 0.024513 0.295068
vt 0.284096 0.054753
vt 0.277371 0.025125
vt 0.294958 0.020917
vt 0.305512 0.051112
vt 0.330240 0.061841
vt 0.304148 0.073982
vt 0.323976 0.044930
vt 0.286539 0.076322
vt 0.297768 0.102913
vt 0.285806 0.103979
vt 0.296306 0.133785
vt 0.284146 0.133785
vt 0.270671 0.006339
vt 0.312655 0.007306
vt 0.023506 0.355961
vt 0.019007 0.295068
vt 0.117856 0.263921
vt 0.086658 0.254190
vt 0.128099 0.257418
vt 0.176121 0.217536
vt 0.148136 0.247406
vt 0.754695 0.347045
vt 0.745380 0.343431
vt 0.777347 0.331149
vt 0.776049 0.340628
vt 0.788759 0.318463
vt 0.805762 0.318949
vt 0.809937 0.330020
vt 0.808553 0.343591
vt 0.863296 0.328693
vt 0.870570 0.345561
vt 0.781134 0.350521
vt 0.797780 0.353520
vt 0.870571 0.355028
vt 0.870570 0.329562
vt 0.122409 0.089061
vt 0.134911 0.113387
vt 0.117873 0.122466
vt 0.093387 0.108687
vt 0.155743 0.087805
vt 0.148372 0.111632
vt 0.179062 0.105116
vt 0.158426 0.119634
vt 0.064895 0.089851
vt 0.114227 0.057748
vt 0.032513 0.076636
vt 0.067573 0.048285
vt 0.115953 0.019386
vt 0.136075 0.018857
vt 0.173166 0.052868
vt 0.167392 0.062233
vt 0.197887 0.093419
vt 0.201536 0.092773
vt 0.189983 0.029806
vt 0.232031 0.053527
vt 0.253878 0.078048
vt 0.088826 0.027069
vt 0.268189 0.076138
vt 0.192012 0.012851
vt 0.236354 0.042906
vt 0.381971 0.367302
vt 0.355526 0.366831
vt 0.368941 0.348881
vt 0.395743 0.351760
vt 0.344067 0.381910
vt 0.345860 0.277160
vt 0.359766 0.292315
vt 0.331031 0.301975
vt 0.319093 0.284359
vt 0.306722 0.266812
vt 0.087959 0.023673
vt 0.117903 0.011463
vt 0.382281 0.368035
vt 0.344530 0.383474
vt 0.396608 0.352498
vt 0.041494 0.275000
vt 0.040231 0.253665
vt 0.029904 0.234878
vt 0.284099 0.212811
vt 0.305512 0.216449
vt 0.294961 0.246640
vt 0.277376 0.242433
vt 0.330237 0.205722
vt 0.323973 0.222631
vt 0.304148 0.193584
vt 0.286541 0.191244
vt 0.297769 0.164655
vt 0.285807 0.163590
vt 0.312655 0.260249
vt 0.270678 0.261216
vt 0.023506 0.234175
vt 0.087357 0.011944
vt 0.118610 0.002393
vt 0.128815 0.008955
vt 0.176607 0.049113
vt 0.148794 0.019083
vt 0.986442 0.347043
vt 0.965090 0.340627
vt 0.963791 0.331149
vt 0.995757 0.343429
vt 0.931202 0.330020
vt 0.935378 0.318949
vt 0.952380 0.318463
vt 0.932587 0.343590
vt 0.877845 0.328693
vt 0.960005 0.350519
vt 0.943360 0.353519
vt 0.372494 0.025247
vt 0.347845 0.012480
vt 0.372485 0.242310
vt 0.347839 0.255075
vt 0.946951 0.186950
vt 0.744708 0.102020
vt 0.722188 0.069107
vt 0.787879 0.075567
vt 0.835712 0.279697
vt 0.747534 0.278528
vt 0.806415 0.008795
vt 0.880681 0.024404
vt 0.658255 0.269438
vt 0.690763 0.214615
vt 0.741982 0.008417
vt 0.835782 0.057320
vt 0.716737 0.170912
vt 0.775144 0.146826
vt 0.740343 0.199627
vt 0.794652 0.242850
vt 0.790837 0.185088
vt 0.838384 0.177748
vt 0.871081 0.286113
vt 0.760030 0.034619
vt 0.726004 0.337870
vt 0.694119 0.348508
vt 0.709798 0.131843
vt 0.691128 0.142966
vt 0.742233 0.274044
vt 0.905006 0.125900
vt 0.927551 0.241331
vt 0.687106 0.165873
vt 0.902634 0.180908
vt 0.874490 0.185562
vt 0.838747 0.114570
vt 0.738430 0.385885
vt 0.715315 0.403317
vt 0.692491 0.419252
vt 0.663170 0.232792
vt 0.670575 0.384001
vt 0.677584 0.329261
vt 0.675284 0.176567
vt 0.672238 0.168332
vt 0.697809 0.175696
vt 0.661612 0.144363
vt 0.742235 0.325177
vt 0.695304 0.319518
vt 0.722991 0.324755
vt 0.703333 0.403238
vt 0.715025 0.399703
vt 0.751700 0.235935
vt 0.663645 0.161442
vt 0.687150 0.126043
vt 0.682908 0.133589
vt 0.660803 0.132966
vt 0.660753 0.123841
vt 0.662928 0.310785
vt 0.661059 0.134851
vt 0.668301 0.006673
vt 0.693678 0.066485
vt 0.943074 0.025088
vt 0.660858 0.066880
vt 0.666933 0.012632
vt 0.952347 0.144833
vt 0.841099 0.273403
vt 0.659613 0.174808
vt 0.980769 0.024989
vt 0.657941 0.275097
vt 0.979304 0.189173
vt 0.980534 0.151618
vt 0.682911 0.134008
vt 0.666759 0.050766
vt 0.946951 0.186950
vt 0.870188 0.308834
vt 0.804079 0.287583
vt 0.744708 0.102020
vt 0.722188 0.069107
vt 0.806415 0.008795
vt 0.835782 0.057320
vt 0.880681 0.024404
vt 0.658255 0.269438
vt 0.657941 0.275097
vt 0.690763 0.214615
vt 0.709798 0.131843
vt 0.741982 0.008417
vt 0.760030 0.034619
vt 0.794652 0.242850
vt 0.835712 0.279697
vt 0.838384 0.177748
vt 0.790837 0.185088
vt 0.870188 0.308834
vt 0.871081 0.286113
vt 0.787879 0.075567
vt 0.666933 0.012632
vt 0.751700 0.235935
vt 0.742233 0.274044
vt 0.905006 0.125900
vt 0.927551 0.241331
vt 0.691128 0.142966
vt 0.687106 0.165873
vt 0.716737 0.170912
vt 0.902634 0.180908
vt 0.838747 0.114570
vt 0.874490 0.185562
vt 0.775144 0.146826
vt 0.740343 0.199627
vt 0.738430 0.385885
vt 0.692491 0.419252
vt 0.715315 0.403317
vt 0.694119 0.348508
vt 0.663170 0.232792
vt 0.946951 0.186950
vt 0.946951 0.186950
vt 0.675284 0.176567
vt 0.697809 0.175696
vt 0.672238 0.168332
vt 0.742235 0.325177
vt 0.726004 0.337870
vt 0.695304 0.319518
vt 0.722991 0.324755
vt 0.715025 0.399703
vt 0.670575 0.384001
vt 0.677584 0.329261
vt 0.663645 0.161442
vt 0.687150 0.126043
vt 0.660753 0.123841
vt 0.660803 0.132966
vt 0.682908 0.133589
vt 0.682911 0.134008
vt 0.661059 0.134851
vt 0.661612 0.144363
vt 0.952347 0.144833
vt 0.662928 0.310785
vt 0.668301 0.006673
vt 0.943074 0.025088
vt 0.693678 0.066485
vt 0.747534 0.278528
vt 0.703333 0.403238
vt 0.660858 0.066880
vt 0.841099 0.273403
vt 0.980769 0.024989
vt 0.666759 0.050766
vt 0.659613 0.174808
vt 0.980534 0.151618
vt 0.979304 0.189173
vt 0.804079 0.287583
vt 0.782574 0.655461
vt 0.756262 0.658300
vt 0.754167 0.628076
vt 0.781205 0.626651
vt 0.808506 0.626450
vt 0.864461 0.537991
vt 0.843258 0.534537
vt 0.870739 0.634846
vt 0.886969 0.663915
vt 0.790450 0.411686
vt 0.790689 0.405356
vt 0.804617 0.406805
vt 0.804784 0.412609
vt 0.726646 0.514415
vt 0.776937 0.412159
vt 0.674398 0.640571
vt 0.646972 0.615798
vt 0.808296 0.654442
vt 0.719346 0.546920
vt 0.762122 0.552337
vt 0.786705 0.549818
vt 0.809190 0.537264
vt 0.700682 0.525867
vt 0.703268 0.517219
vt 0.726446 0.530386
vt 0.766656 0.520993
vt 0.762493 0.536033
vt 0.786620 0.525909
vt 0.786766 0.537534
vt 0.861938 0.524205
vt 0.862247 0.532119
vt 0.829576 0.411822
vt 0.828276 0.407546
vt 0.839321 0.404808
vt 0.842042 0.410978
vt 0.765699 0.404919
vt 0.776797 0.405460
vt 0.751981 0.407245
vt 0.735290 0.404585
vt 0.724287 0.667505
vt 0.697285 0.532222
vt 0.689590 0.659618
vt 0.175974 0.834140
vt 0.166860 0.869197
vt 0.130818 0.868508
vt 0.121318 0.834462
vt 0.226568 0.874609
vt 0.226294 0.833744
vt 0.322629 0.933717
vt 0.227906 0.975060
vt 0.232776 0.944910
vt 0.279995 0.962983
vt 0.271428 0.984701
vt 0.115069 0.877097
vt 0.508981 0.655803
vt 0.503910 0.607101
vt 0.559113 0.612899
vt 0.592576 0.428102
vt 0.553969 0.429033
vt 0.429618 0.158024
vt 0.428027 0.024827
vt 0.452822 0.021845
vt 0.034004 0.964579
vt 0.004123 0.957774
vt 0.133519 0.700913
vt 0.185038 0.702809
vt 0.227565 0.703312
vt 0.004123 0.830902
vt 0.004123 0.690816
vt 0.322629 0.946735
vt 0.294077 0.950355
vt 0.322629 0.831067
vt 0.322629 0.871888
vt 0.050399 0.986653
vt 0.101371 0.918036
vt 0.004123 0.872559
vt 0.181702 0.681745
vt 0.004123 0.673313
vt 0.374767 0.524150
vt 0.379735 0.542994
vt 0.346704 0.547977
vt 0.346704 0.501743
vt 0.508441 0.548613
vt 0.557511 0.553838
vt 0.507272 0.424374
vt 0.642056 0.411660
vt 0.660463 0.488568
vt 0.409876 0.410995
vt 0.346704 0.471314
vt 0.378524 0.397742
vt 0.380090 0.632782
vt 0.451009 0.317267
vt 0.495023 0.162997
vt 0.587489 0.155487
vt 0.553965 0.159822
vt 0.617816 0.313102
vt 0.576788 0.321457
vt 0.396548 0.148995
vt 0.346704 0.638068
vt 0.377079 0.599552
vt 0.346704 0.603008
vt 0.532467 0.161218
vt 0.099348 0.949172
vt 0.551549 0.321956
vt 0.505890 0.322237
vt 0.421436 0.308183
vt 0.686250 0.506484
vt 0.647026 0.526963
vt 0.636245 0.557206
vt 0.624552 0.622396
vt 0.453199 0.277133
vt 0.505708 0.277176
vt 0.956103 0.398017
vt 0.929375 0.528134
vt 0.911502 0.542972
vt 0.914309 0.402393
vt 0.940982 0.547611
vt 0.937594 0.524486
vt 0.988932 0.526734
vt 0.885662 0.558869
vt 0.933860 0.557788
vt 0.922174 0.556552
vt 0.964667 0.575983
vt 0.947382 0.586148
vt 0.978476 0.554960
vt 0.900590 0.580246
vt 0.604495 0.019453
vt 0.629049 0.019453
vt 0.639108 0.136205
vt 0.599298 0.134601
vt 0.597439 0.110686
vt 0.636578 0.158110
vt 0.598069 0.156585
vt 0.605700 0.178389
vt 0.898493 0.620910
vt 0.022956 0.981263
vt 0.004123 0.974011
vt 0.289390 0.971774
vt 0.298431 0.960420
vt 0.299182 0.962864
vt 0.291386 0.972606
vt 0.282164 0.990767
vt 0.285103 0.990479
vt 0.038443 0.994954
vt 0.322629 0.956364
vt 0.755657 0.691222
vt 0.322629 0.702939
vt 0.615976 0.659325
vt 0.738990 0.399107
vt 0.753265 0.403812
vt 0.525118 0.029245
vt 0.506734 0.007753
vt 0.539846 0.030812
vt 0.569817 0.028285
vt 0.482405 0.014129
vt 0.209128 0.664300
vt 0.322629 0.664300
vt 0.021196 0.984752
vt 0.004123 0.978121
vt 0.035289 0.997708
vt 0.322629 0.958513
vt 0.105412 0.983058
vt 0.573099 0.275506
vt 0.549236 0.275150
vt 0.612286 0.271724
vt 0.426039 0.271724
vt 0.816751 0.680854
vt 0.783992 0.684700
vt 0.926407 0.991594
vt 0.925238 0.985982
vt 0.938954 0.987502
vt 0.938574 0.992835
vt 0.949381 0.987929
vt 0.960028 0.982442
vt 0.963981 0.989791
vt 0.911267 0.983489
vt 0.902241 0.989560
vt 0.950043 0.994484
vt 0.878375 0.971278
vt 0.890446 0.974582
vt 0.884626 0.981783
vt 0.877584 0.979830
vt 0.973392 0.971278
vt 0.421934 0.221779
vt 0.492680 0.228063
vt 0.537860 0.228067
vt 0.560673 0.227432
vt 0.599875 0.216549
vt 0.386120 0.211460
vt 0.782764 0.731896
vt 0.756452 0.729057
vt 0.754356 0.759281
vt 0.781395 0.760706
vt 0.808696 0.760907
vt 0.864650 0.849366
vt 0.843448 0.852820
vt 0.870928 0.752510
vt 0.887159 0.723442
vt 0.790639 0.975671
vt 0.790878 0.982001
vt 0.804601 0.979525
vt 0.804974 0.974748
vt 0.726836 0.872942
vt 0.777127 0.975198
vt 0.674587 0.746786
vt 0.647162 0.771559
vt 0.808486 0.732916
vt 0.719536 0.840437
vt 0.762311 0.835020
vt 0.786894 0.837539
vt 0.809379 0.850093
vt 0.700871 0.861490
vt 0.703457 0.870137
vt 0.726635 0.856971
vt 0.766846 0.866364
vt 0.762683 0.851324
vt 0.786810 0.861447
vt 0.786955 0.849823
vt 0.862127 0.863152
vt 0.862437 0.855238
vt 0.829766 0.975535
vt 0.828466 0.979811
vt 0.839510 0.982549
vt 0.842232 0.976379
vt 0.765889 0.981410
vt 0.776987 0.981280
vt 0.751348 0.979290
vt 0.735480 0.982772
vt 0.724477 0.719852
vt 0.697475 0.855134
vt 0.689779 0.727739
vt 0.469286 0.834140
vt 0.478400 0.869197
vt 0.514441 0.868508
vt 0.523942 0.834462
vt 0.418691 0.874609
vt 0.418966 0.833744
vt 0.322629 0.933717
vt 0.417353 0.975060
vt 0.412483 0.944910
vt 0.365264 0.962983
vt 0.373832 0.984701
vt 0.530190 0.877097
vt 0.184428 0.655803
vt 0.189498 0.607101
vt 0.134296 0.612899
vt 0.100832 0.428102
vt 0.139440 0.429033
vt 0.429618 0.158024
vt 0.428027 0.024827
vt 0.452822 0.021845
vt 0.611255 0.964579
vt 0.641136 0.957774
vt 0.511740 0.700913
vt 0.460221 0.702809
vt 0.417694 0.703312
vt 0.641136 0.830902
vt 0.641136 0.690816
vt 0.322629 0.946735
vt 0.351183 0.950355
vt 0.322629 0.831067
vt 0.322629 0.871888
vt 0.594860 0.986653
vt 0.543888 0.918036
vt 0.641136 0.872559
vt 0.463557 0.681745
vt 0.641136 0.673314
vt 0.318642 0.524150
vt 0.313674 0.542994
vt 0.346704 0.547977
vt 0.346704 0.501743
vt 0.186382 0.548613
vt 0.135898 0.553838
vt 0.186703 0.424374
vt 0.051353 0.411660
vt 0.032946 0.488568
vt 0.283533 0.410995
vt 0.346704 0.471314
vt 0.314884 0.397742
vt 0.313318 0.632782
vt 0.242400 0.317267
vt 0.495023 0.162997
vt 0.587489 0.155487
vt 0.553965 0.159822
vt 0.075593 0.313102
vt 0.116621 0.321457
vt 0.396548 0.148995
vt 0.346704 0.638068
vt 0.316329 0.599552
vt 0.346704 0.603008
vt 0.532467 0.161218
vt 0.545911 0.949172
vt 0.141860 0.321956
vt 0.186104 0.322237
vt 0.271973 0.308183
vt 0.007159 0.506484
vt 0.046382 0.526963
vt 0.057164 0.557206
vt 0.068856 0.622396
vt 0.240209 0.277133
vt 0.187701 0.277176
vt 0.956103 0.398017
vt 0.929375 0.528134
vt 0.911502 0.542972
vt 0.914309 0.402393
vt 0.940219 0.547611
vt 0.937594 0.524486
vt 0.988932 0.526734
vt 0.885662 0.558869
vt 0.933860 0.557788
vt 0.922174 0.556552
vt 0.964667 0.575983
vt 0.947382 0.586148
vt 0.978476 0.554960
vt 0.900590 0.580246
vt 0.604495 0.019453
vt 0.629049 0.019453
vt 0.639108 0.136205
vt 0.599298 0.134601
vt 0.597439 0.110686
vt 0.636578 0.158110
vt 0.598069 0.156585
vt 0.605700 0.178389
vt 0.898682 0.766448
vt 0.622303 0.981263
vt 0.641136 0.974011
vt 0.355869 0.971774
vt 0.346828 0.960420
vt 0.346077 0.962864
vt 0.353873 0.972606
vt 0.363095 0.990767
vt 0.360156 0.990479
vt 0.606816 0.994954
vt 0.322629 0.956364
vt 0.755847 0.696135
vt 0.322629 0.702939
vt 0.077433 0.659325
vt 0.739180 0.988250
vt 0.752427 0.983135
vt 0.525118 0.029245
vt 0.506734 0.007753
vt 0.539846 0.030812
vt 0.569817 0.028285
vt 0.482405 0.014129
vt 0.436131 0.664300
vt 0.322629 0.664300
vt 0.624063 0.984752
vt 0.641136 0.978121
vt 0.609970 0.997708
vt 0.322629 0.958513
vt 0.539847 0.983058
vt 0.120309 0.275506
vt 0.144172 0.275150
vt 0.081122 0.271724
vt 0.267370 0.271724
vt 0.816941 0.706503
vt 0.784181 0.702656
vt 0.926407 0.991594
vt 0.925238 0.985982
vt 0.938954 0.987502
vt 0.958056 0.991770
vt 0.949381 0.987929
vt 0.960028 0.982442
vt 0.963981 0.989791
vt 0.911267 0.983489
vt 0.902241 0.989560
vt 0.950043 0.994484
vt 0.878375 0.971278
vt 0.890446 0.974582
vt 0.884626 0.981783
vt 0.877584 0.979830
vt 0.973392 0.971278
vt 0.421934 0.221779
vt 0.492680 0.228063
vt 0.537860 0.228067
vt 0.560673 0.227432
vt 0.599875 0.216549
vt 0.386120 0.211460
vt 0.610307 0.550755
vt 0.076344 0.552418
vt 0.211737 0.653805
vt 0.979700 0.976833
vt 0.979700 0.976833
vt 0.475802 0.655160
vt 0.346864 0.659171
vt 0.962589 0.743732
vt 0.962609 0.754636
vt 0.941810 0.705580
vt 0.921326 0.707595
vt 0.915003 0.707011
vt 0.909959 0.756545
vt 0.911185 0.843632
vt 0.919937 0.896172
vt 0.938529 0.845438
vt 0.944540 0.896972
vt 0.965333 0.845911
vt 0.988836 0.745832
vt 0.991753 0.745836
vt 0.927356 0.972639
vt 0.949339 0.964122
vt 0.967526 0.955461
vt 0.963318 0.953166
vt 0.968760 0.897251
vt 0.977760 0.897561
vt 0.974611 0.843468
vt 0.963579 0.785393
vt 0.895362 0.924720
vt 0.963128 0.807182
vt 0.893013 0.943239
vt 0.928755 0.934758
vt 0.928050 0.959227
vt 0.948475 0.952348
vt 0.909976 0.784456
vt 0.973479 0.926394
vt 0.967857 0.925415
vt 0.910510 0.801337
vt 0.972931 0.941170
vt 0.968470 0.942387
vt 0.949172 0.704394
vt 0.963907 0.693649
vt 0.895426 0.894677
vt 0.891142 0.895392
vt 0.892283 0.887863
vt 0.886055 0.864317
vt 0.968031 0.723958
vt 0.974957 0.719483
vt 0.984764 0.741769
vt 0.968535 0.948195
vt 0.971290 0.949076
vt 0.879587 0.892448
vt 0.875034 0.895198
vt 0.989336 0.753665
vt 0.985508 0.752407
vt 0.882268 0.894853
vt 0.873744 0.884335
vt 0.988400 0.739820
vt 0.978878 0.750089
vt 0.877662 0.897095
vt 0.870165 0.889619
vt 0.950732 0.821715
vt 0.921473 0.814627
vt 0.911363 0.811852
vt 0.922916 0.824753
vt 0.958011 0.963276
vt 0.941511 0.969685
vt 0.948921 0.964200
vt 0.946699 0.935491
vt 0.907709 0.961748
vt 0.962589 0.743732
vt 0.962609 0.754636
vt 0.941810 0.705580
vt 0.921326 0.707595
vt 0.909959 0.756545
vt 0.911185 0.843632
vt 0.952313 0.845578
vt 0.938529 0.845438
vt 0.957717 0.897615
vt 0.965333 0.845911
vt 0.988836 0.745832
vt 0.991753 0.745836
vt 0.897079 0.960178
vt 0.926482 0.974034
vt 0.967233 0.955695
vt 0.968760 0.897251
vt 0.977760 0.897561
vt 0.963579 0.785393
vt 0.895362 0.924720
vt 0.928998 0.934880
vt 0.909976 0.784456
vt 0.973479 0.926394
vt 0.967857 0.925415
vt 0.961298 0.926783
vt 0.949172 0.704394
vt 0.963907 0.693649
vt 0.895426 0.894677
vt 0.891142 0.895392
vt 0.892283 0.887863
vt 0.886055 0.864317
vt 0.968031 0.723958
vt 0.974957 0.719483
vt 0.984764 0.741769
vt 0.968535 0.948195
vt 0.959411 0.951893
vt 0.971290 0.949076
vt 0.879587 0.892448
vt 0.875034 0.895198
vt 0.989336 0.753665
vt 0.985508 0.752407
vt 0.882268 0.894853
vt 0.873744 0.884335
vt 0.988400 0.739820
vt 0.978878 0.750089
vt 0.877662 0.897095
vt 0.870165 0.889619
vt 0.962005 0.815777
vt 0.950732 0.821715
vt 0.921945 0.814752
vt 0.911363 0.811852
vt 0.922916 0.824753
vt 0.957939 0.962053
vt 0.893492 0.950876
vt 0.954742 0.956688
vt 0.924174 0.892539
vt 0.941444 0.971759
vt 0.918211 0.967278
vt 0.981190 0.843024
vt 0.952019 0.964594
vn -0.803246 0.487851 0.341755
vn -0.691696 -0.365377 -0.622941
vn 0.883914 -0.313751 0.346780
vn -0.515862 0.844016 0.146709
vn -0.310019 -0.821468 -0.478621
vn 0.460410 -0.355406 0.813455
vn -0.515862 0.844016 0.146709
vn -0.126345 -0.534536 -0.835648
vn 0.677146 0.046532 0.734376
vn -0.648842 0.488594 -0.583336
vn 0.102200 -0.765502 -0.635265
vn 0.821439 0.058811 0.567255
vn -0.361936 0.859814 -0.360170
vn 0.593030 -0.639142 -0.489707
vn 0.673775 0.522905 0.522109
vn 0.000006 0.875915 -0.482465
vn 0.499971 0.017394 -0.865868
vn 0.526867 0.560688 0.638780
vn -0.501661 0.561948 0.657686
vn -0.308239 -0.823651 -0.476012
vn 0.172200 -0.425113 0.888609
vn -0.535264 0.279802 0.796997
vn -0.635293 -0.514706 -0.575743
vn 0.287581 -0.601688 0.745163
vn -0.414114 0.187759 0.890649
vn -0.021031 -0.999229 -0.033138
vn -0.039650 -0.378360 0.924809
vn -0.932715 0.015671 0.360273
vn 0.068048 -0.988087 -0.138033
vn 0.012886 -0.431524 0.902009
vn -0.990487 0.120595 -0.066272
vn -0.341427 -0.939031 -0.040602
vn 0.121974 0.619753 0.775260
vn -0.999710 0.012293 0.020697
vn 0.987385 -0.003180 0.158306
vn -0.189768 0.981631 0.019717
vn 0.000013 -0.138144 -0.990412
vn 0.769859 -0.627949 0.114006
vn -0.116296 0.119941 0.985946
vn -0.674414 -0.102233 -0.731242
vn 0.512277 -0.854411 0.086917
vn -0.103821 0.051205 0.993277
vn -0.988540 -0.052451 -0.141553
vn -0.368252 -0.928772 -0.042104
vn -0.036644 -0.627807 0.777506
vn -0.284810 -0.957076 -0.053745
vn 0.249222 -0.019451 0.968251
vn -0.969160 0.246382 0.004937
vn -0.227492 -0.966524 -0.118652
vn 0.025027 -0.732398 0.680416
vn 0.120160 -0.428433 0.895548
vn -0.807003 0.469474 0.358247
vn -0.310131 -0.819285 -0.482277
vn 0.413393 0.044718 0.909454
vn -0.648842 0.488594 -0.583336
vn 0.533366 -0.795052 -0.288811
vn 0.119227 0.048760 0.991669
vn -0.895444 0.444803 -0.018201
vn 0.558963 -0.680873 -0.473257
vn 0.265697 0.635965 0.724537
vn 0.000011 0.561633 -0.827386
vn 0.838506 0.010944 -0.544782
vn 0.350825 0.584727 0.731448
vn -0.778589 0.160767 0.606591
vn -0.394482 -0.900096 -0.184963
vn 0.058500 -0.731165 0.679688
vn -0.398668 -0.910851 0.106840
vn -0.148175 -0.410189 0.899883
vn -0.915560 -0.300516 0.267283
vn -0.271778 -0.925929 0.262283
vn -0.747068 0.013351 -0.664613
vn 0.830998 -0.556163 -0.011162
vn -0.000006 0.904309 0.426878
vn -0.288908 -0.455715 -0.841936
vn 0.515733 -0.719121 0.465709
vn -0.414114 0.187759 0.890649
vn -0.978009 0.004188 -0.208521
vn 0.213465 -0.976754 -0.019619
vn -0.535264 0.279802 0.796997
vn -0.635293 -0.514706 -0.575743
vn 0.295981 -0.955001 -0.019181
vn -0.000012 0.279110 0.960259
vn -0.707969 -0.437346 -0.554534
vn 0.775832 -0.423307 0.467863
vn 0.000000 0.999626 -0.027356
vn -0.129723 -0.498748 -0.856984
vn 0.998435 0.055910 0.001136
vn -0.565949 0.822691 -0.053686
vn 0.085151 0.020012 -0.996167
vn 0.885951 0.328188 0.327694
vn -0.319611 0.945964 0.054780
vn -0.060687 -0.115571 -0.991444
vn 0.989430 -0.052511 0.135168
vn -0.727823 0.685362 0.023515
vn -0.029931 -0.593113 -0.804563
vn 0.617984 -0.014023 0.786066
vn -0.319611 0.945964 0.054780
vn -0.061250 0.020857 -0.997905
vn 0.997544 -0.070033 -0.001394
vn -0.000001 0.995937 0.090048
vn -0.050041 -0.069094 -0.996354
vn 0.885054 0.329398 0.328902
vn 0.000000 0.999626 -0.027356
vn 0.425408 -0.510476 -0.747290
vn -0.836593 -0.150614 -0.526714
vn 0.081736 -0.996633 -0.006419
vn -0.012859 -0.355412 0.934621
vn -0.656554 -0.436339 0.615260
vn 0.416419 -0.902484 0.110081
vn -0.512842 -0.290870 0.807705
vn -0.777812 -0.561017 0.283318
vn 0.081736 -0.996633 -0.006419
vn 0.017597 -0.034344 0.999255
vn -0.810846 -0.585142 -0.011765
vn -0.356233 -0.663124 0.658304
vn -0.598920 -0.790627 0.127289
vn -0.716324 -0.452922 0.530794
vn -0.560301 -0.727596 0.395812
vn -0.354562 -0.934058 -0.042684
vn -0.096140 -0.433096 0.896206
vn -0.224628 -0.945623 0.235243
vn -0.419526 -0.630707 0.652845
vn -0.553971 -0.444460 0.703968
vn -0.908347 -0.044468 0.415847
vn -0.928906 -0.370246 -0.007173
vn -0.669122 -0.743003 -0.014934
vn -0.000009 -0.706603 0.707610
vn -0.908537 -0.411137 0.074342
vn -0.000355 -0.892625 0.450799
vn -0.448952 -0.018213 0.893370
vn -0.516768 -0.855934 -0.018091
vn 0.001182 -0.578479 0.815697
vn -0.356233 -0.663124 0.658304
vn -0.642175 -0.723034 -0.254623
vn 0.172223 -0.618841 0.766404
vn -0.559170 -0.725626 0.400993
vn -0.451428 -0.610320 0.650940
vn -0.858397 -0.163411 0.486262
vn -0.284810 -0.957076 -0.053745
vn 0.099200 -0.246904 0.963949
vn -0.917795 -0.147806 0.368519
vn -0.398668 -0.910851 0.106840
vn -0.851647 -0.520279 0.063302
vn -0.158108 -0.842661 0.514707
vn -0.529697 -0.194800 0.825515
vn -0.903132 -0.416391 -0.104745
vn -0.077513 -0.194937 0.977748
vn -0.958877 -0.162041 0.233019
vn -0.157576 -0.987504 0.002194
vn -0.110287 -0.144035 0.983408
vn -0.969597 -0.176382 0.169619
vn 0.190745 -0.933264 0.304358
vn -0.330674 -0.136767 0.933782
vn -0.962755 -0.244027 0.116423
vn 0.258067 -0.899046 0.353720
vn -0.326335 -0.147966 0.933601
vn -0.900883 -0.406746 0.151551
vn -0.173142 -0.972873 0.153429
vn -0.158624 -0.422849 0.892209
vn -0.922692 -0.384434 0.029156
vn -0.160917 -0.571415 0.804730
vn -0.674949 -0.143363 0.723803
vn -0.900883 -0.406746 0.151551
vn -0.159645 -0.972623 0.168872
vn -0.660211 0.401180 0.634961
vn -0.926198 -0.320740 -0.198198
vn 0.268034 -0.890250 0.368255
vn -0.403259 0.569153 0.716552
vn -0.715534 -0.413609 -0.562973
vn -0.193466 -0.019705 0.980909
vn -0.972939 -0.231017 -0.004653
vn -0.000003 -0.977763 0.209713
vn -0.124266 -0.596778 0.792726
vn -0.622620 -0.215959 0.752134
vn -0.958877 -0.162041 0.233019
vn -0.169407 -0.976725 0.131566
vn -0.149735 -0.098600 0.983797
vn -0.981838 -0.110779 0.154019
vn 0.000017 -0.020042 0.999799
vn -0.946935 -0.247696 0.204845
vn -0.224628 -0.945623 0.235243
vn -0.176073 -0.019666 0.984181
vn -0.947001 -0.244942 0.207830
vn 0.160941 -0.941189 0.297088
vn -0.299671 0.141449 0.943498
vn -0.971830 -0.176936 -0.155690
vn -0.224628 -0.945623 0.235243
vn -0.317544 0.107557 0.942124
vn -0.942316 -0.290866 -0.165644
vn -0.988540 -0.052451 -0.141553
vn 0.073025 -0.995523 0.060018
vn -0.053243 -0.256708 0.965021
vn -0.971509 -0.032378 0.234780
vn 0.146552 -0.988941 -0.022760
vn 0.002883 -0.061671 0.998092
vn -0.971078 -0.029013 0.236994
vn 0.197763 -0.979966 -0.023591
vn 0.046988 0.618961 0.784015
vn -0.771500 0.057368 -0.633637
vn -0.042013 -0.998327 -0.039718
vn 0.002888 0.671666 0.740849
vn 0.000013 0.039304 -0.999227
vn 0.999768 0.001076 -0.021491
vn 0.021359 0.619504 0.784703
vn -0.726399 0.060765 -0.684581
vn -0.290586 -0.312456 0.904395
vn -0.917569 -0.297075 0.264222
vn -0.271007 -0.922711 0.274153
vn -0.256327 -0.428534 0.866404
vn -0.951629 -0.271743 -0.143379
vn 0.125430 -0.964678 0.231656
vn -0.331290 -0.652726 0.681319
vn -0.880145 -0.281220 0.382441
vn -0.607135 -0.784250 0.127824
vn -0.398876 -0.619161 0.676415
vn -0.815677 -0.331155 0.474349
vn -0.947556 -0.206863 0.243609
vn -0.271751 -0.947761 0.167035
vn -0.209955 -0.268936 0.939996
vn -0.945355 -0.221883 0.238896
vn -0.276361 -0.944573 0.177217
vn -0.255236 -0.302689 0.918278
vn -0.891998 -0.358921 0.274800
vn -0.274675 -0.904649 0.325828
vn -0.230326 -0.344949 0.909923
vn -0.249365 -0.041560 0.967517
vn -0.878168 -0.324616 0.351349
vn -0.537767 -0.298861 0.788346
vn -0.921826 -0.235650 0.307744
vn -0.348958 -0.937115 -0.006658
vn -0.012208 -0.370061 0.928927
vn -0.913118 -0.252207 0.320324
vn -0.894902 -0.263975 0.359816
vn -0.022209 -0.999682 0.011951
vn -0.031910 0.072347 0.996869
vn -0.824574 -0.330486 -0.459192
vn -0.340148 -0.347721 0.873721
vn -0.934094 -0.074792 0.349104
vn -0.348958 -0.937115 -0.006658
vn -0.013132 -0.419351 0.907729
vn -0.918055 0.189743 0.348099
vn -0.634355 -0.282815 -0.719451
vn 0.418411 -0.908193 0.010863
vn -0.031910 0.072347 0.996869
vn -0.954995 -0.241683 -0.171972
vn 0.587676 -0.809038 0.009679
vn -0.249365 -0.041560 0.967517
vn -0.995786 -0.001842 0.091686
vn 0.905657 -0.284472 0.314420
vn -0.000006 0.904309 0.426878
vn -0.421193 0.667135 -0.614433
vn 0.876941 -0.297055 -0.377799
vn 0.352995 0.877580 0.324419
vn -0.547459 0.690081 -0.473369
vn 0.484687 0.090327 -0.870011
vn 0.565950 0.822691 -0.053672
vn -0.576305 -0.092252 -0.812011
vn 0.512559 0.173227 -0.840997
vn -0.083811 0.825293 -0.558451
vn -0.143593 0.422284 -0.895018
vn 0.234840 0.409031 -0.881784
vn -0.803459 0.448298 -0.391768
vn -0.906613 -0.320571 -0.274385
vn -0.160000 0.535137 -0.829475
vn -0.173508 0.785814 -0.593626
vn -0.294401 -0.548333 -0.782725
vn -0.617612 0.093204 -0.780941
vn -0.759069 -0.147563 -0.634066
vn -0.496952 -0.706864 0.503371
vn 0.186072 -0.657035 -0.730536
vn -0.269596 0.755574 -0.597014
vn -0.838851 0.353576 -0.413899
vn 0.698836 -0.161580 -0.696793
vn 0.088841 0.666343 0.740334
vn -0.844651 -0.343548 0.410536
vn 0.193936 -0.631989 -0.750319
vn 0.173818 0.760045 -0.626194
vn -0.983382 0.106063 0.147343
vn 0.225741 -0.715187 -0.661475
vn -0.242675 0.819992 -0.518384
vn -0.885705 -0.114528 0.449900
vn -0.239338 -0.796559 -0.555167
vn 0.005204 0.656246 -0.754529
vn -0.826607 0.190466 -0.529570
vn -0.911449 -0.385984 -0.142395
vn -0.131880 -0.917581 -0.375037
vn -0.194917 0.428682 -0.882179
vn -0.800507 -0.591199 0.098344
vn -0.173263 -0.079681 -0.981647
vn -0.674102 0.607117 -0.420707
vn -0.465672 -0.864127 -0.190875
vn -0.172178 0.322272 -0.930857
vn -0.298429 0.948339 0.107673
vn 0.250282 -0.278285 -0.927317
vn 0.949097 -0.040080 0.312423
vn 0.018040 -0.187029 0.982189
vn -0.977168 0.162015 0.137458
vn 0.012792 -0.665874 -0.745954
vn 0.075844 0.278024 0.957575
vn -0.781353 -0.230342 -0.580026
vn 0.856829 0.504325 0.107234
vn -0.450988 0.891361 -0.045669
vn 0.338382 -0.707340 -0.620619
vn 0.939326 -0.343013 -0.002877
vn 0.606284 0.012980 -0.795142
vn -0.049092 -0.959601 -0.277047
vn 0.831415 -0.554315 0.038532
vn 0.813192 0.423186 0.399539
vn 0.561868 0.768747 -0.305505
vn 0.123602 0.766734 -0.629954
vn 0.829068 0.270503 -0.489362
vn 0.539547 0.793110 -0.282606
vn 0.751059 0.386864 -0.535020
vn -0.545615 0.836114 0.056728
vn 0.023737 -0.193378 -0.980837
vn 0.277293 -0.925834 -0.256788
vn -0.273703 -0.100046 0.956597
vn -0.911075 0.043577 -0.409930
vn 0.408349 -0.823914 -0.392959
vn -0.232740 0.385951 0.892678
vn 0.780299 -0.595042 -0.192504
vn 0.093315 0.991919 0.085962
vn -0.726662 -0.402395 -0.556812
vn 0.217355 -0.882189 0.417730
vn 0.916420 0.397079 0.050034
vn -0.934061 0.260427 -0.244351
vn 0.010176 -0.333422 0.942723
vn 0.837090 0.520901 0.167160
vn -0.807533 0.502894 -0.308202
vn 0.498291 -0.838066 0.222152
vn -0.268735 -0.392583 0.879579
vn -0.642478 0.766114 0.017087
vn 0.408690 -0.292885 -0.864402
vn 0.828464 0.427218 0.362122
vn -0.391319 -0.056354 -0.918528
vn 0.887307 -0.108004 -0.448354
vn 0.614298 0.778960 -0.125934
vn 0.041718 0.477650 -0.877559
vn 0.972191 0.198142 0.124838
vn -0.549590 0.767309 0.330436
vn 0.020644 0.228561 -0.973311
vn 0.870402 -0.487473 0.069070
vn 0.424585 0.730472 0.534919
vn 0.193491 0.696422 -0.691055
vn 0.712827 0.182397 -0.677207
vn 0.368490 0.821890 0.434409
vn -0.031107 0.505335 -0.862363
vn 0.965706 0.021463 -0.258749
vn 0.042138 0.872429 0.486921
vn -0.190813 0.266291 -0.944817
vn 0.979851 -0.026926 -0.197909
vn 0.455218 0.889537 0.038722
vn 0.409350 0.257482 -0.875292
vn 0.750073 -0.165813 -0.640231
vn 0.434684 -0.795029 0.423058
vn 0.053073 -0.398162 0.915778
vn -0.914234 -0.240542 0.326062
vn 0.637863 -0.745768 0.192252
vn -0.129495 -0.090246 0.987465
vn -0.796410 -0.176705 -0.578365
vn 0.418150 -0.812759 0.405676
vn -0.734229 -0.260124 0.627091
vn -0.999599 0.028253 -0.002098
vn 0.934721 -0.318873 -0.156894
vn -0.536331 0.492679 0.685286
vn -0.094781 -0.060717 -0.993645
vn 0.435152 -0.877057 0.203502
vn -0.524316 0.513761 0.679075
vn -0.538433 0.325601 -0.777221
vn -0.039276 0.578478 -0.814752
vn -0.431604 0.308561 0.847649
vn -0.060759 -0.644877 0.761868
vn 0.577532 -0.691109 -0.434540
vn -0.454847 0.108827 0.883895
vn 0.792538 -0.575203 -0.202545
vn 0.873897 -0.212973 -0.436974
vn 0.502106 0.634800 0.587297
vn 0.155179 -0.930223 0.332572
vn 0.762572 -0.183542 -0.620320
vn 0.228100 0.940304 0.252585
vn -0.434428 -0.874631 0.215158
vn 0.678091 0.680293 -0.278197
vn 0.856099 -0.509028 -0.089362
vn -0.985393 0.168950 -0.021370
vn 0.292895 0.931666 0.214968
vn 0.954652 -0.295865 0.033222
vn -0.601578 -0.710320 -0.365444
vn 0.304310 -0.671261 -0.675873
vn 0.917101 0.392212 -0.071376
vn 0.275614 -0.782566 0.558236
vn -0.238597 -0.386293 -0.890982
vn 0.831859 0.533799 0.151885
vn -0.433711 -0.816158 -0.381813
vn 0.432417 0.770203 -0.468831
vn 0.415579 0.088929 0.905199
vn -0.037395 -0.998507 -0.039811
vn -0.102316 -0.105683 -0.989122
vn -0.233031 0.957141 0.171983
vn -0.879343 -0.366984 0.303445
vn -0.027587 0.997624 0.063136
vn 0.605405 0.035532 0.795124
vn -0.553392 -0.628684 0.546365
vn -0.172990 -0.060651 -0.983054
vn -0.188948 0.960274 0.205361
vn -0.716457 -0.279328 0.639269
vn -0.078355 -0.218161 -0.972762
vn -0.222065 0.957343 0.184880
vn 0.467269 0.522193 -0.713424
vn 0.283498 -0.898391 -0.335443
vn -0.079789 0.094594 0.992313
vn 0.258403 0.870146 -0.419612
vn 0.112804 -0.920349 -0.374478
vn -0.193340 0.474940 0.858517
vn 0.274052 0.591766 -0.758096
vn 0.608689 -0.350386 -0.711848
vn 0.467675 0.244578 0.849389
vn 0.867442 0.254289 -0.427647
vn 0.062347 -0.944860 0.321485
vn -0.156583 0.122592 0.980027
vn 0.375994 0.410597 -0.830685
vn -0.679366 -0.506926 -0.530554
vn -0.880125 0.408977 0.241074
vn -0.554932 0.657239 -0.509988
vn 0.694193 -0.719059 -0.032406
vn 0.277155 0.336771 0.899872
vn 0.743524 0.069032 -0.665137
vn 0.054531 -0.996776 0.058862
vn -0.880691 0.317505 -0.351530
vn -0.153517 0.712384 -0.684793
vn -0.495365 -0.478539 -0.724993
vn -0.868186 0.158860 0.470125
vn -0.384244 0.745914 -0.544030
vn -0.650704 -0.653802 -0.386169
vn -0.954442 0.051145 0.293980
vn -0.457433 0.632829 -0.624726
vn -0.755145 -0.263641 -0.600208
vn -0.944972 0.324709 0.039891
vn -0.190348 0.501871 -0.843738
vn -0.676621 -0.432394 -0.596003
vn 0.447124 0.487584 0.749894
vn 0.959509 -0.204811 0.193378
vn -0.253376 -0.660281 0.706986
vn 0.459861 0.654769 0.599838
vn 0.589777 0.576961 -0.565048
vn 0.809365 -0.571356 0.135946
vn -0.154774 0.804886 0.572890
vn 0.102631 0.462371 -0.880727
vn 0.797038 0.290793 -0.529310
vn 0.796204 0.048037 0.603118
vn 0.496771 0.605673 -0.621594
vn 0.778386 0.315393 -0.542810
vn 0.996428 -0.062097 -0.057229
vn -0.111153 0.922478 -0.369701
vn 0.385551 -0.638286 -0.666290
vn 0.725118 0.552727 -0.410727
vn -0.477977 -0.855154 0.200624
vn 0.390612 0.155712 0.907290
vn 0.008771 -0.559169 0.829007
vn -0.855784 -0.157979 -0.492623
vn 0.013567 -0.920614 -0.390238
vn -0.341214 -0.547098 0.764367
vn -0.891984 -0.149051 -0.426788
vn 0.637236 -0.756106 0.149115
vn -0.422406 0.399423 0.813655
vn -0.835675 -0.207023 -0.508714
vn 0.436104 -0.884672 -0.164831
vn -0.266897 0.722987 0.637225
vn -0.214799 0.349855 -0.911846
vn 0.969997 -0.120770 0.210997
vn -0.273893 0.932651 0.234830
vn 0.057679 -0.724400 -0.686963
vn 0.950053 0.005293 0.312043
vn -0.316611 0.928606 0.193516
vn -0.397877 -0.484500 -0.779072
vn 0.815940 0.513317 0.265984
vn -0.972766 0.205198 0.107801
vn 0.102114 -0.597608 0.795260
vn 0.708767 0.673970 0.208359
vn -0.543793 0.243318 -0.803172
vn 0.542172 -0.839465 -0.036717
vn 0.929080 -0.218306 0.298584
vn -0.765187 -0.461043 0.449364
vn 0.163354 -0.407464 -0.898492
vn 0.696974 -0.668740 0.258870
vn -0.741409 -0.341114 0.577887
vn 0.887457 -0.422526 -0.184096
vn 0.818796 0.571668 0.052621
vn -0.366920 0.851486 -0.374622
vn -0.279454 0.391385 -0.876769
vn 0.676486 -0.710121 0.195181
vn -0.796196 -0.588817 -0.139161
vn 0.707867 -0.701321 -0.084103
vn 0.417493 0.641936 0.643131
vn -0.879395 0.116806 -0.461542
vn 0.636217 -0.762954 0.114582
vn 0.194507 -0.458280 0.867264
vn -0.909374 -0.310967 0.276293
vn -0.431517 0.873682 0.224660
vn -0.071955 0.593357 0.801717
vn -0.139614 -0.303264 -0.942623
vn -0.391427 -0.461375 0.796190
vn -0.606029 -0.776378 0.173109
vn -0.277550 -0.907928 -0.314059
vn -0.535452 0.079866 0.840781
vn -0.815328 -0.217782 -0.536481
vn 0.297941 -0.893475 -0.336055
vn -0.040890 -0.901908 -0.429989
vn -0.913801 -0.128094 0.385434
vn -0.710681 -0.634770 -0.303316
vn -0.094363 -0.932114 -0.349657
vn -0.034800 -0.036911 0.998712
vn -0.753302 -0.644240 -0.132251
vn -0.553033 -0.346738 0.757580
vn -0.944219 -0.308530 -0.115148
vn -0.405759 -0.911903 -0.061584
vn -0.982239 0.103745 -0.156342
vn -0.966041 -0.088343 0.242819
vn -0.396818 -0.897975 -0.190198
vn 0.061452 -0.757841 0.649539
vn -0.770023 -0.566387 0.293718
vn -0.063798 -0.859778 -0.506667
vn -0.913770 0.373387 0.160021
vn -0.085370 -0.068567 -0.993987
vn -0.619871 -0.215941 -0.754407
vn -0.754479 0.111809 -0.646731
vn -0.048006 0.137058 -0.989399
vn -0.331770 -0.362739 -0.870832
vn -0.561224 -0.359001 -0.745752
vn -0.383439 0.476908 -0.790907
vn 0.141842 -0.884979 -0.443501
vn -0.831374 0.445427 -0.332284
vn -0.595690 0.524959 -0.607924
vn 0.034076 -0.026610 -0.999065
vn -0.260286 -0.725170 -0.637479
vn -0.429938 0.146256 -0.890933
vn 0.494201 0.134646 -0.858857
vn -0.722463 0.058684 -0.688914
vn 0.416189 0.459690 -0.784520
vn 0.357176 -0.314831 -0.879378
vn -0.599576 -0.082246 -0.796080
vn 0.335228 -0.045009 -0.941061
vn 0.417932 -0.372024 -0.828813
vn 0.005203 -0.559495 -0.828817
vn -0.482490 0.391136 -0.783719
vn -0.367226 0.929894 -0.021049
vn 0.278890 0.140940 0.949924
vn -0.274997 -0.197909 0.940855
vn 0.639428 0.113355 -0.760449
vn -0.383790 -0.666407 -0.639223
vn -0.185860 0.276765 -0.942792
vn 0.186188 0.681071 -0.708150
vn -0.612635 0.658183 0.437576
vn 0.863379 -0.352550 -0.360951
vn -0.506283 -0.837553 -0.205382
vn -0.553548 0.686492 -0.471501
vn 0.614661 0.147394 -0.774898
vn -0.053168 -0.957389 -0.283865
vn -0.734977 0.382854 -0.559670
vn -0.138857 0.279115 -0.950165
vn 0.182261 -0.297452 -0.937178
vn -0.405730 -0.606777 -0.683524
vn -0.654133 0.169653 -0.737107
vn 0.106208 -0.387535 -0.915716
vn -0.139307 -0.188138 0.972213
vn -0.010403 -0.314207 0.949297
vn 0.699806 -0.613723 0.365535
usemtl jockey_body
f 1270/1369/1270 1271/1370/1271 1272/1371/1272
f 1272/1371/1272 1273/1372/1273 1270/1369/1270
f 1274/1373/1274 1270/1369/1270 1273/1372/1273
f 1273/1372/1273 1275/1374/1275 1274/1373/1274
f 1276/1375/1276 1274/1373/1274 1275/1374/1275
f 1275/1374/1275 1277/1376/1277 1276/1375/1276
f 1276/1375/1276 1277/1376/1277 1278/1377/1278
f 1278/1377/1278 1279/1378/1279 1276/1375/1276
f 1271/1370/1271 1270/1369/1270 1280/1379/1280
f 1280/1379/1280 1281/1380/1281 1271/1370/1271
f 1281/1380/1281 1282/1381/1282 1283/1382/1283
f 1284/1383/1284 1405/1384/1405 1285/1385/1285
f 1285/1385/1285 1286/1386/1286 1284/1383/1284
f 1280/1379/1280 1286/1386/1286 1285/1385/1285
f 1286/1386/1286 1287/1387/1287 1284/1383/1284
f 1288/1388/1288 1289/1389/1289 1292/1392/1292
f 1292/1392/1292 1293/1393/1293 1288/1388/1288
f 1333/1450/1333 1288/1388/1288 1291/1391/1291
f 1291/1391/1291 1290/1390/1290 1333/1450/1333
f 1285/1385/1285 1294/1394/1294 1282/1381/1282
f 1293/1393/1293 1292/1392/1292 1295/1395/1295
f 1295/1395/1295 1296/1396/1296 1293/1393/1293
f 1286/1386/1286 1280/1379/1280 1270/1369/1270
f 1270/1369/1270 1274/1373/1274 1286/1386/1286
f 1276/1375/1276 1287/1387/1287 1286/1386/1286
f 1286/1386/1286 1274/1373/1274 1276/1375/1276
f 1287/1387/1287 1276/1375/1276 1279/1378/1279
f 1279/1378/1279 1297/1397/1297 1287/1387/1287
f 1282/1381/1282 1280/1379/1280 1285/1385/1285
f 1290/1390/1290 1291/1391/1291 1298/1398/1298
f 1298/1398/1298 1406/1399/1406 1290/1390/1290
f 1271/1370/1271 1300/1400/1300 1301/1401/1301
f 1301/1401/1301 1272/1371/1272 1271/1370/1271
f 1281/1380/1281 1283/1382/1283 1302/1402/1302
f 1302/1402/1302 1303/1403/1303 1281/1380/1281
f 1271/1370/1271 1281/1380/1281 1303/1403/1303
f 1303/1403/1303 1300/1400/1300 1271/1370/1271
f 1272/1371/1272 1304/1404/1304 1273/1372/1273
f 1273/1372/1273 1304/1404/1304 1275/1374/1275
f 1275/1374/1275 1304/1404/1304 1277/1376/1277
f 1305/1405/1305 1306/1406/1306 1283/1407/1283
f 1283/1407/1283 1282/1408/1282 1305/1405/1305
f 1282/1408/1282 1294/1409/1294 1305/1405/1305
f 1306/1406/1306 1307/1410/1307 1302/1411/1302
f 1302/1411/1302 1283/1407/1283 1306/1406/1306
f 1277/1376/1277 1304/1404/1304 1278/1377/1278
f 1308/1412/1308 1309/1413/1309 1310/1414/1310
f 1310/1414/1310 1311/1415/1311 1308/1412/1308
f 1309/1413/1309 1308/1412/1308 1312/1416/1312
f 1311/1415/1311 1310/1414/1310 1313/1417/1313
f 1313/1417/1313 1314/1418/1314 1311/1415/1311
f 1294/1394/1294 1285/1385/1285 1407/1419/1407
f 1407/1419/1407 1312/1420/1312 1294/1394/1294
f 1294/1409/1294 1312/1421/1312 1308/1422/1308
f 1308/1422/1308 1305/1405/1305 1294/1409/1294
f 1306/1406/1306 1311/1423/1311 1314/1424/1314
f 1314/1424/1314 1307/1410/1307 1306/1406/1306
f 1311/1423/1311 1306/1406/1306 1305/1405/1305
f 1305/1405/1305 1308/1425/1308 1311/1423/1311
f 1281/1380/1281 1280/1379/1280 1282/1381/1282
f 1407/1419/1407 1285/1385/1285 1405/1384/1405
f 1291/1391/1291 1293/1393/1293 1296/1396/1296
f 1296/1396/1296 1298/1398/1298 1291/1391/1291
f 1310/1426/1310 1309/1427/1309 1312/1428/1312
f 1312/1428/1312 1316/1430/1316 1310/1426/1310
f 1317/1431/1317 1318/1432/1318 1319/1433/1319
f 1319/1433/1319 1320/1434/1320 1317/1431/1317
f 1321/1435/1321 1322/1436/1322 1320/1434/1320
f 1320/1434/1320 1323/1437/1323 1321/1435/1321
f 1322/1436/1322 1324/1438/1324 1317/1431/1317
f 1317/1431/1317 1320/1434/1320 1322/1436/1322
f 1325/1439/1325 1326/1440/1326 1324/1438/1324
f 1324/1438/1324 1322/1436/1322 1325/1439/1325
f 1413/1538/1413 1321/1435/1321 1323/1437/1323
f 1323/1437/1323 1414/1539/1414 1413/1538/1413
f 1325/1439/1325 1327/1441/1327 1328/1442/1328
f 1328/1442/1328 1326/1440/1326 1325/1439/1325
f 1319/1433/1319 1318/1432/1318 1315/1443/1315
f 1315/1443/1315 1299/1444/1299 1319/1433/1319
f 1330/1446/1330 1316/1430/1316 1312/1428/1312
f 1312/1428/1312 1329/1445/1329 1330/1446/1330
f 1312/1420/1312 1407/1419/1407 1331/1447/1331
f 1331/1447/1331 1329/1448/1329 1312/1420/1312
f 1407/1419/1407 1332/1449/1332 1331/1447/1331
f 1333/1450/1333 1290/1390/1290 1334/1451/1334
f 1334/1451/1334 1405/1384/1405 1284/1383/1284
f 1284/1383/1284 1333/1450/1333 1334/1451/1334
f 1284/1383/1284 1287/1387/1287 1288/1388/1288
f 1288/1388/1288 1333/1450/1333 1284/1383/1284
f 1287/1387/1287 1297/1397/1297 1289/1389/1289
f 1289/1389/1289 1288/1388/1288 1287/1387/1287
f 1334/1451/1334 1290/1390/1290 1406/1399/1406
f 1406/1399/1406 1332/1449/1332 1334/1451/1334
f 1332/1449/1332 1406/1399/1406 1331/1447/1331
f 1334/1451/1334 1332/1449/1332 1407/1419/1407
f 1407/1419/1407 1405/1384/1405 1334/1451/1334
f 1401/1452/1401 1402/1453/1402 1408/1454/1408
f 1408/1454/1408 1335/1455/1335 1401/1452/1401
f 1408/1454/1408 1336/1456/1336 1337/1457/1337
f 1337/1457/1337 1338/1458/1338 1408/1454/1408
f 1340/1460/1340 1338/1458/1338 1337/1457/1337
f 1408/1454/1408 1338/1458/1338 1339/1459/1339
f 1339/1459/1339 1335/1455/1335 1408/1454/1408
f 1338/1458/1338 1340/1460/1340 1341/1461/1341
f 1341/1461/1341 1339/1459/1339 1338/1458/1338
f 1342/1462/1342 1335/1455/1335 1339/1459/1339
f 1339/1459/1339 1343/1463/1343 1342/1462/1342
f 1343/1463/1343 1339/1459/1339 1341/1461/1341
f 1341/1461/1341 1344/1464/1344 1343/1463/1343
f 1341/1461/1341 1340/1460/1340 1345/1465/1345
f 1304/1404/1304 1272/1371/1272 1301/1401/1301
f 1346/1466/1346 1347/1467/1347 1348/1468/1348
f 1348/1468/1348 1349/1469/1349 1346/1466/1346
f 1350/1470/1350 1351/1471/1351 1347/1467/1347
f 1347/1467/1347 1346/1466/1346 1350/1470/1350
f 1352/1472/1352 1353/1473/1353 1351/1471/1351
f 1351/1471/1351 1350/1470/1350 1352/1472/1352
f 1352/1472/1352 1279/1378/1279 1278/1377/1278
f 1278/1377/1278 1353/1473/1353 1352/1472/1352
f 1349/1469/1349 1354/1474/1354 1355/1475/1355
f 1355/1475/1355 1346/1466/1346 1349/1469/1349
f 1354/1474/1354 1356/1476/1356 1357/1477/1357
f 1358/1478/1358 1409/1479/1409 1359/1480/1359
f 1359/1480/1359 1360/1481/1360 1358/1478/1358
f 1355/1475/1355 1358/1478/1358 1360/1481/1360
f 1360/1481/1360 1359/1480/1359 1361/1482/1361
f 1362/1483/1362 1365/1486/1365 1292/1392/1292
f 1292/1392/1292 1289/1389/1289 1362/1483/1362
f 1364/1485/1364 1362/1483/1362 1391/1525/1391
f 1391/1525/1391 1363/1484/1363 1364/1485/1364
f 1358/1478/1358 1357/1477/1357 1366/1487/1366
f 1365/1486/1365 1367/1488/1367 1295/1395/1295
f 1295/1395/1295 1292/1392/1292 1365/1486/1365
f 1360/1481/1360 1350/1470/1350 1346/1466/1346
f 1346/1466/1346 1355/1475/1355 1360/1481/1360
f 1352/1472/1352 1350/1470/1350 1360/1481/1360
f 1360/1481/1360 1361/1482/1361 1352/1472/1352
f 1361/1482/1361 1297/1397/1297 1279/1378/1279
f 1279/1378/1279 1352/1472/1352 1361/1482/1361
f 1357/1477/1357 1358/1478/1358 1355/1475/1355
f 1363/1484/1363 1368/1489/1368 1369/1490/1369
f 1369/1490/1369 1364/1485/1364 1363/1484/1363
f 1349/1469/1349 1348/1468/1348 1301/1401/1301
f 1301/1401/1301 1300/1400/1300 1349/1469/1349
f 1354/1474/1354 1303/1403/1303 1302/1402/1302
f 1302/1402/1302 1356/1476/1356 1354/1474/1354
f 1349/1469/1349 1300/1400/1300 1303/1403/1303
f 1303/1403/1303 1354/1474/1354 1349/1469/1349
f 1348/1468/1348 1347/1467/1347 1304/1404/1304
f 1347/1467/1347 1351/1471/1351 1304/1404/1304
f 1351/1471/1351 1353/1473/1353 1304/1404/1304
f 1370/1491/1370 1357/1492/1357 1356/1493/1356
f 1356/1493/1356 1371/1494/1371 1370/1491/1370
f 1357/1492/1357 1370/1491/1370 1366/1495/1366
f 1371/1494/1371 1356/1493/1356 1302/1411/1302
f 1302/1411/1302 1307/1410/1307 1371/1494/1371
f 1353/1473/1353 1278/1377/1278 1304/1404/1304
f 1372/1496/1372 1373/1497/1373 1374/1498/1374
f 1374/1498/1374 1375/1499/1375 1372/1496/1372
f 1375/1499/1375 1376/1500/1376 1372/1496/1372
f 1373/1497/1373 1314/1418/1314 1313/1417/1313
f 1313/1417/1313 1374/1498/1374 1373/1497/1373
f 1366/1487/1366 1376/1501/1376 1411/1502/1411
f 1411/1502/1411 1358/1478/1358 1366/1487/1366
f 1366/1495/1366 1370/1491/1370 1372/1503/1372
f 1372/1503/1372 1376/1504/1376 1366/1495/1366
f 1371/1494/1371 1307/1410/1307 1314/1424/1314
f 1314/1424/1314 1373/1505/1373 1371/1494/1371
f 1373/1505/1373 1372/1503/1372 1370/1491/1370
f 1370/1491/1370 1371/1494/1371 1373/1505/1373
f 1354/1474/1354 1357/1477/1357 1355/1475/1355
f 1411/1502/1411 1409/1479/1409 1358/1478/1358
f 1364/1485/1364 1369/1490/1369 1367/1488/1367
f 1367/1488/1367 1365/1486/1365 1364/1485/1364
f 1376/1508/1376 1375/1507/1375 1374/1506/1374
f 1374/1506/1374 1316/1430/1316 1376/1508/1376
f 1378/1509/1378 1379/1510/1379 1380/1511/1380
f 1380/1511/1380 1381/1512/1381 1378/1509/1378
f 1382/1513/1382 1383/1514/1383 1379/1510/1379
f 1379/1510/1379 1384/1515/1384 1382/1513/1382
f 1384/1515/1384 1379/1510/1379 1378/1509/1378
f 1378/1509/1378 1385/1516/1385 1384/1515/1384
f 1386/1517/1386 1384/1515/1384 1385/1516/1385
f 1385/1516/1385 1387/1518/1387 1386/1517/1386
f 1415/1540/1415 1416/1541/1416 1383/1514/1383
f 1383/1514/1383 1382/1513/1382 1415/1540/1415
f 1386/1517/1386 1387/1518/1387 1328/1442/1328
f 1328/1442/1328 1327/1441/1327 1386/1517/1386
f 1380/1511/1380 1410/1519/1410 1377/1520/1377
f 1377/1520/1377 1381/1512/1381 1380/1511/1380
f 1388/1521/1388 1376/1508/1376 1316/1430/1316
f 1316/1430/1316 1330/1446/1330 1388/1521/1388
f 1376/1501/1376 1388/1522/1388 1389/1523/1389
f 1389/1523/1389 1411/1502/1411 1376/1501/1376
f 1411/1502/1411 1389/1523/1389 1390/1524/1390
f 1391/1525/1391 1392/1526/1392 1363/1484/1363
f 1392/1526/1392 1391/1525/1391 1359/1480/1359
f 1359/1480/1359 1409/1479/1409 1392/1526/1392
f 1359/1480/1359 1391/1525/1391 1362/1483/1362
f 1362/1483/1362 1361/1482/1361 1359/1480/1359
f 1361/1482/1361 1362/1483/1362 1289/1389/1289
f 1289/1389/1289 1297/1397/1297 1361/1482/1361
f 1392/1526/1392 1390/1524/1390 1368/1489/1368
f 1368/1489/1368 1363/1484/1363 1392/1526/1392
f 1390/1524/1390 1389/1523/1389 1368/1489/1368
f 1392/1526/1392 1409/1479/1409 1411/1502/1411
f 1411/1502/1411 1390/1524/1390 1392/1526/1392
f 1404/1527/1404 1393/1528/1393 1412/1529/1412
f 1412/1529/1412 1403/1530/1403 1404/1527/1404
f 1412/1529/1412 1394/1531/1394 1395/1532/1395
f 1395/1532/1395 1396/1533/1396 1412/1529/1412
f 1395/1532/1395 1394/1531/1394 1398/1535/1398
f 1412/1529/1412 1393/1528/1393 1397/1534/1397
f 1397/1534/1397 1394/1531/1394 1412/1529/1412
f 1341/1461/1341 1398/1535/1398 1394/1531/1394
f 1394/1531/1394 1397/1534/1397 1341/1461/1341
f 1399/1536/1399 1400/1537/1400 1397/1534/1397
f 1397/1534/1397 1393/1528/1393 1399/1536/1399
f 1344/1464/1344 1341/1461/1341 1397/1534/1397
f 1397/1534/1397 1400/1537/1400 1344/1464/1344
f 1341/1461/1341 1345/1465/1345 1398/1535/1398
f 1304/1404/1304 1301/1401/1301 1348/1468/1348
f 1424/1543/1424 1426/1545/1426 1425/1544/1425
f 1428/1548/1428 1434/1553/1434 1449/1567/1449
f 1449/1567/1449 1429/1549/1429 1428/1548/1428
f 1474/1605/1474 1439/1547/1439 1448/1566/1448
f 1448/1566/1448 1431/1550/1431 1474/1605/1474
f 1433/1552/1433 1443/1561/1443 1434/1553/1434
f 1434/1553/1434 1428/1548/1428 1433/1552/1433
f 1438/1557/1438 1427/1546/1427 1441/1559/1441
f 1441/1559/1441 1440/1558/1440 1438/1557/1438
f 1427/1546/1427 1430/1611/1430 1442/1560/1442
f 1443/1561/1443 1476/1609/1476 1425/1544/1425
f 1425/1544/1425 1426/1545/1426 1443/1561/1443
f 1438/1557/1438 1466/1588/1466 1448/1566/1448
f 1442/1560/1442 1430/1611/1430 1450/1568/1450
f 1447/1565/1447 1451/1569/1451 1435/1554/1435
f 1435/1554/1435 1446/1564/1446 1447/1565/1447
f 1452/1570/1452 1454/1572/1454 1453/1571/1453
f 1436/1555/1436 1454/1572/1454 1426/1545/1426
f 1426/1545/1426 1424/1543/1424 1436/1555/1436
f 1435/1554/1435 1432/1551/1432 1437/1556/1437
f 1455/1573/1455 1442/1575/1442 1456/1574/1456
f 1417/1576/1417 1432/1551/1432 1459/1579/1459
f 1459/1579/1459 1473/1603/1473 1417/1576/1417
f 1477/1610/1477 1423/1542/1423 1449/1567/1449
f 1477/1610/1477 1449/1567/1449 1452/1570/1452
f 1477/1610/1477 1452/1570/1452 1450/1568/1450
f 1436/1555/1436 1424/1543/1424 1446/1564/1446
f 1446/1564/1446 1435/1554/1435 1436/1555/1436
f 1459/1579/1459 1461/1581/1461 1460/1580/1460
f 1419/1593/1419 1468/1590/1468 1471/1597/1471
f 1471/1597/1471 1422/1599/1422 1419/1593/1419
f 1444/1562/1444 1441/1583/1441 1455/1573/1455
f 1462/1584/1462 1463/1585/1463 1444/1562/1444
f 1450/1568/1450 1452/1570/1452 1453/1571/1453
f 1453/1571/1453 1442/1560/1442 1450/1568/1450
f 1444/1562/1444 1445/1563/1445 1462/1584/1462
f 1465/1587/1465 1464/1586/1464 1457/1577/1457
f 1445/1563/1445 1465/1587/1465 1457/1577/1457
f 1445/1563/1445 1457/1577/1457 1458/1578/1458
f 1438/1557/1438 1440/1558/1440 1437/1556/1437
f 1437/1556/1437 1466/1588/1466 1438/1557/1438
f 1460/1580/1460 1451/1569/1451 1467/1589/1467
f 1426/1545/1426 1454/1572/1454 1434/1553/1434
f 1434/1553/1434 1443/1561/1443 1426/1545/1426
f 1468/1590/1468 1419/1593/1419 1470/1592/1470
f 1470/1592/1470 1469/1591/1469 1468/1590/1468
f 1444/1562/1444 1463/1585/1463 1441/1583/1441
f 1470/1595/1470 1420/1582/1420 1447/1565/1447
f 1447/1565/1447 1469/1608/1469 1470/1595/1470
f 1634/1598/1634 1429/1549/1429 1449/1567/1449
f 1449/1567/1449 1472/1601/1472 1634/1598/1634
f 1453/1594/1453 1458/1578/1458 1457/1577/1457
f 1457/1577/1457 1442/1575/1442 1453/1594/1453
f 1453/1594/1453 1463/1585/1463 1462/1584/1462
f 1418/1600/1418 1443/1561/1443 1433/1552/1433
f 1433/1552/1433 1787/1596/1787 1418/1600/1418
f 1445/1563/1445 1444/1562/1444 1455/1573/1455
f 1455/1573/1455 1465/1587/1465 1445/1563/1445
f 1461/1581/1461 1459/1579/1459 1432/1551/1432
f 1417/1576/1417 1466/1588/1466 1437/1556/1437
f 1437/1556/1437 1432/1551/1432 1417/1576/1417
f 1471/1597/1471 1468/1590/1468 1446/1564/1446
f 1471/1597/1471 1446/1564/1446 1424/1543/1424
f 1471/1597/1471 1424/1543/1424 1425/1544/1425
f 1439/1547/1439 1478/1612/1478 1438/1557/1438
f 1438/1557/1438 1448/1566/1448 1439/1547/1439
f 1463/1585/1463 1453/1594/1453 1441/1583/1441
f 1442/1575/1442 1464/1586/1464 1456/1574/1456
f 1457/1577/1457 1464/1586/1464 1442/1575/1442
f 1434/1553/1434 1454/1572/1454 1452/1570/1452
f 1452/1570/1452 1449/1567/1449 1434/1553/1434
f 1432/1551/1432 1435/1554/1435 1461/1581/1461
f 1454/1572/1454 1436/1555/1436 1440/1558/1440
f 1440/1558/1440 1441/1559/1441 1454/1572/1454
f 1436/1555/1436 1435/1554/1435 1437/1556/1437
f 1437/1556/1437 1440/1558/1440 1436/1555/1436
f 1449/1567/1449 1423/1542/1423 1472/1601/1472
f 1464/1586/1464 1465/1587/1465 1456/1574/1456
f 1465/1587/1465 1455/1573/1455 1456/1574/1456
f 1446/1564/1446 1468/1590/1468 1469/1591/1469
f 1451/1569/1451 1461/1581/1461 1435/1554/1435
f 1427/1546/1427 1442/1560/1442 1455/1602/1455
f 1441/1559/1441 1427/1546/1427 1455/1602/1455
f 1454/1572/1454 1441/1559/1441 1453/1571/1453
f 1458/1578/1458 1453/1594/1453 1462/1584/1462
f 1445/1563/1445 1458/1578/1458 1462/1584/1462
f 1634/1598/1634 1472/1601/1472 1475/1607/1475
f 1475/1607/1475 1635/1604/1635 1634/1598/1634
f 1451/1569/1451 1447/1565/1447 1420/1582/1420
f 1420/1582/1420 1467/1589/1467 1451/1569/1451
f 1471/1597/1471 1425/1544/1425 1476/1609/1476
f 1476/1609/1476 1422/1599/1422 1471/1597/1471
f 1473/1603/1473 1459/1579/1459 1460/1580/1460
f 1447/1565/1447 1446/1564/1446 1469/1608/1469
f 1460/1580/1460 1461/1581/1461 1451/1569/1451
f 1475/1607/1475 1472/1601/1472 1423/1542/1423
f 1423/1542/1423 1421/1606/1421 1475/1607/1475
f 1427/1546/1427 1438/1557/1438 1478/1612/1478
f 1478/1612/1478 1430/1611/1430 1427/1546/1427
f 1479/1613/1479 1480/1614/1480 1493/1630/1493
f 1496/1634/1496 1482/1616/1482 1481/1615/1481
f 1481/1615/1481 1483/1617/1483 1496/1634/1496
f 1474/1619/1474 1431/1618/1431 1495/1633/1495
f 1495/1633/1495 1523/1674/1523 1474/1619/1474
f 1782/1622/1782 1481/1615/1481 1482/1616/1482
f 1482/1616/1482 1486/1623/1486 1782/1622/1782
f 1487/1624/1487 1490/1627/1490 1489/1626/1489
f 1489/1626/1489 1488/1625/1488 1487/1624/1487
f 1488/1625/1488 1492/1629/1492 1491/1628/1491
f 1480/1614/1480 1476/1679/1476 1486/1623/1486
f 1486/1623/1486 1493/1630/1493 1480/1614/1480
f 1487/1624/1487 1495/1633/1495 1494/1632/1494
f 1492/1629/1492 1497/1635/1497 1491/1628/1491
f 1498/1636/1498 1485/1621/1485 1500/1638/1500
f 1500/1638/1500 1499/1637/1499 1498/1636/1498
f 1501/1639/1501 1503/1641/1503 1502/1640/1502
f 1504/1642/1504 1479/1613/1479 1493/1630/1493
f 1493/1630/1493 1502/1640/1502 1504/1642/1504
f 1500/1638/1500 1505/1643/1505 1484/1620/1484
f 1506/1644/1506 1507/1646/1507 1492/1645/1492
f 1508/1647/1508 1516/1658/1516 1506/1644/1506
f 1506/1644/1506 1513/1655/1513 1508/1647/1508
f 1417/1648/1417 1473/1680/1473 1511/1651/1511
f 1511/1651/1511 1484/1620/1484 1417/1648/1417
f 1510/1650/1510 1497/1635/1497 1501/1639/1501
f 1510/1650/1510 1501/1639/1501 1496/1634/1496
f 1510/1650/1510 1496/1634/1496 1509/1649/1509
f 1485/1621/1485 1479/1613/1479 1504/1642/1504
f 1504/1642/1504 1500/1638/1500 1485/1621/1485
f 1511/1651/1511 1460/1653/1460 1512/1652/1512
f 1522/1673/1522 1519/1662/1519 1419/1663/1419
f 1419/1663/1419 1422/1676/1422 1522/1673/1522
f 1506/1644/1506 1489/1654/1489 1513/1655/1513
f 1514/1656/1514 1513/1655/1513 1515/1657/1515
f 1497/1635/1497 1492/1629/1492 1503/1641/1503
f 1503/1641/1503 1501/1639/1501 1497/1635/1497
f 1513/1655/1513 1514/1656/1514 1508/1647/1508
f 1508/1647/1508 1518/1660/1518 1517/1659/1517
f 1517/1659/1517 1524/1675/1524 1516/1658/1516
f 1508/1647/1508 1517/1659/1517 1516/1658/1516
f 1505/1643/1505 1490/1627/1490 1487/1624/1487
f 1487/1624/1487 1494/1632/1494 1505/1643/1505
f 1460/1653/1460 1467/1661/1467 1499/1637/1499
f 1493/1630/1493 1486/1623/1486 1482/1616/1482
f 1482/1616/1482 1502/1640/1502 1493/1630/1493
f 1519/1662/1519 1520/1665/1520 1470/1664/1470
f 1470/1664/1470 1419/1663/1419 1519/1662/1519
f 1513/1655/1513 1489/1654/1489 1515/1657/1515
f 1470/1667/1470 1520/1666/1520 1498/1636/1498
f 1498/1636/1498 1420/1668/1420 1470/1667/1470
f 1496/1634/1496 1483/1617/1483 1786/1672/1786
f 1786/1672/1786 1521/1669/1521 1496/1634/1496
f 1517/1659/1517 1518/1660/1518 1503/1670/1503
f 1503/1670/1503 1492/1645/1492 1517/1659/1517
f 1503/1670/1503 1514/1656/1514 1515/1657/1515
f 1418/1631/1418 1787/1671/1787 1782/1622/1782
f 1782/1622/1782 1486/1623/1486 1418/1631/1418
f 1512/1652/1512 1484/1620/1484 1511/1651/1511
f 1522/1673/1522 1480/1614/1480 1479/1613/1479
f 1522/1673/1522 1479/1613/1479 1485/1621/1485
f 1522/1673/1522 1485/1621/1485 1519/1662/1519
f 1487/1624/1487 1525/1683/1525 1523/1674/1523
f 1523/1674/1523 1495/1633/1495 1487/1624/1487
f 1515/1657/1515 1489/1654/1489 1503/1670/1503
f 1492/1645/1492 1507/1646/1507 1524/1675/1524
f 1517/1659/1517 1492/1645/1492 1524/1675/1524
f 1482/1616/1482 1496/1634/1496 1501/1639/1501
f 1501/1639/1501 1502/1640/1502 1482/1616/1482
f 1484/1620/1484 1512/1652/1512 1500/1638/1500
f 1502/1640/1502 1489/1626/1489 1490/1627/1490
f 1490/1627/1490 1504/1642/1504 1502/1640/1502
f 1504/1642/1504 1490/1627/1490 1505/1643/1505
f 1505/1643/1505 1500/1638/1500 1504/1642/1504
f 1496/1634/1496 1521/1669/1521 1509/1649/1509
f 1524/1675/1524 1507/1646/1507 1516/1658/1516
f 1516/1658/1516 1507/1646/1507 1506/1644/1506
f 1485/1621/1485 1520/1665/1520 1519/1662/1519
f 1499/1637/1499 1500/1638/1500 1512/1652/1512
f 1488/1625/1488 1506/1677/1506 1492/1629/1492
f 1489/1626/1489 1506/1677/1506 1488/1625/1488
f 1502/1640/1502 1503/1641/1503 1489/1626/1489
f 1518/1660/1518 1514/1656/1514 1503/1670/1503
f 1508/1647/1508 1514/1656/1514 1518/1660/1518
f 1484/1620/1484 1505/1643/1505 1494/1632/1494
f 1494/1632/1494 1417/1648/1417 1484/1620/1484
f 1475/1681/1475 1521/1669/1521 1786/1672/1786
f 1786/1672/1786 1635/1678/1635 1475/1681/1475
f 1499/1637/1499 1467/1661/1467 1420/1668/1420
f 1420/1668/1420 1498/1636/1498 1499/1637/1499
f 1522/1673/1522 1422/1676/1422 1476/1679/1476
f 1476/1679/1476 1480/1614/1480 1522/1673/1522
f 1473/1680/1473 1460/1653/1460 1511/1651/1511
f 1498/1636/1498 1520/1666/1520 1485/1621/1485
f 1460/1653/1460 1499/1637/1499 1512/1652/1512
f 1475/1681/1475 1421/1682/1421 1509/1649/1509
f 1509/1649/1509 1521/1669/1521 1475/1681/1475
f 1488/1625/1488 1491/1628/1491 1525/1683/1525
f 1525/1683/1525 1487/1624/1487 1488/1625/1488
f 1526/1684/1526 1527/1685/1527 1528/1686/1528
f 1528/1686/1528 1529/1687/1529 1526/1684/1526
f 1547/1705/1547 1532/1690/1532 1533/1691/1533
f 1533/1691/1533 1530/1688/1530 1547/1705/1547
f 1541/1699/1541 1544/1702/1544 1545/1703/1545
f 1545/1703/1545 1528/1686/1528 1541/1699/1541
f 1531/1689/1531 1542/1818/1542 1533/1691/1533
f 1533/1691/1533 1532/1690/1532 1531/1689/1531
f 1533/1691/1533 1534/1692/1534 1569/1850/1569
f 1569/1850/1569 1543/1701/1543 1533/1691/1533
f 1535/1693/1535 1536/1694/1536 1537/1695/1537
f 1537/1695/1537 1538/1696/1538 1535/1693/1535
f 1561/1721/1561 1540/1698/1540 1551/1709/1551
f 1551/1709/1551 1539/1697/1539 1561/1721/1561
f 1535/1693/1535 1553/1711/1553 1551/1709/1551
f 1551/1709/1551 1540/1698/1540 1535/1693/1535
f 1538/1696/1538 1547/1705/1547 1553/1711/1553
f 1553/1711/1553 1535/1693/1535 1538/1696/1538
f 1530/1688/1530 1529/1687/1529 1546/1704/1546
f 1546/1704/1546 1547/1705/1547 1530/1688/1530
f 1542/1700/1542 1531/1724/1531 1544/1702/1544
f 1544/1702/1544 1541/1699/1541 1542/1700/1542
f 1528/1686/1528 1545/1703/1545 1546/1704/1546
f 1546/1704/1546 1529/1687/1529 1528/1686/1528
f 1533/1691/1533 1543/1701/1543 1530/1688/1530
f 1548/1706/1548 1549/1707/1549 1539/1697/1539
f 1539/1697/1539 1550/1708/1550 1548/1706/1548
f 1551/1709/1551 1552/1710/1552 1550/1708/1550
f 1550/1708/1550 1539/1697/1539 1551/1709/1551
f 1551/1709/1551 1553/1711/1553 1554/1712/1554
f 1554/1712/1554 1552/1710/1552 1551/1709/1551
f 1554/1712/1554 1553/1711/1553 1547/1705/1547
f 1549/1713/1549 1548/1714/1548 1532/1690/1532
f 1555/1715/1555 1556/1716/1556 1557/1717/1557
f 1557/1717/1557 1558/1718/1558 1555/1715/1555
f 1540/1698/1540 1559/1719/1559 1560/1720/1560
f 1538/1696/1538 1537/1695/1537 1556/1716/1556
f 1556/1716/1556 1555/1715/1555 1538/1696/1538
f 1547/1705/1547 1538/1696/1538 1555/1715/1555
f 1555/1715/1555 1532/1690/1532 1547/1705/1547
f 1532/1690/1532 1555/1715/1555 1558/1718/1558
f 1558/1718/1558 1549/1713/1549 1532/1690/1532
f 1539/1697/1539 1549/1707/1549 1558/1722/1558
f 1558/1722/1558 1561/1721/1561 1539/1697/1539
f 1526/1684/1526 1529/1687/1529 1530/1688/1530
f 1530/1688/1530 1543/1701/1543 1526/1684/1526
f 1544/1702/1544 1531/1724/1531 1548/1706/1548
f 1548/1706/1548 1550/1708/1550 1544/1702/1544
f 1550/1708/1550 1552/1710/1552 1545/1703/1545
f 1545/1703/1545 1544/1702/1544 1550/1708/1550
f 1554/1712/1554 1546/1704/1546 1545/1703/1545
f 1545/1703/1545 1552/1710/1552 1554/1712/1554
f 1546/1704/1546 1554/1712/1554 1547/1705/1547
f 1532/1690/1532 1548/1714/1548 1531/1689/1531
f 1562/1723/1562 1563/1725/1563 1541/1699/1541
f 1541/1699/1541 1528/1686/1528 1562/1723/1562
f 1564/1726/1564 1542/1727/1542 1541/1728/1541
f 1541/1728/1541 1565/1729/1565 1564/1726/1564
f 1534/1730/1534 1542/1727/1542 1564/1726/1564
f 1564/1726/1564 1566/1731/1566 1534/1730/1534
f 1569/1734/1569 1534/1730/1534 1588/1756/1588
f 1588/1756/1588 1567/1732/1567 1569/1734/1569
f 1565/1729/1565 1541/1728/1541 1563/1737/1563
f 1563/1737/1563 1737/1759/1737 1585/1751/1585
f 1585/1751/1585 1565/1729/1565 1563/1737/1563
f 1574/1740/1574 1764/1793/1764 1632/1831/1632
f 1632/1831/1632 1572/1738/1572 1574/1740/1574
f 1575/1741/1575 1833/2062/1833 1593/1767/1593
f 1593/1767/1593 1576/1742/1576 1575/1741/1575
f 1577/1743/1577 1579/1745/1579 1621/1838/1621
f 1621/1838/1621 1600/1776/1600 1577/1743/1577
f 1579/1745/1579 1577/1743/1577 1601/1781/1601
f 1601/1781/1601 1578/1744/1578 1579/1745/1579
f 1737/1759/1737 1609/1786/1609 1580/1746/1580
f 1580/1746/1580 1581/1747/1581 1737/1759/1737
f 1564/1726/1564 1565/1729/1565 1582/1748/1582
f 1582/1748/1582 1583/1749/1583 1564/1726/1564
f 1566/1731/1566 1564/1726/1564 1583/1749/1583
f 1583/1749/1583 1584/1750/1584 1566/1731/1566
f 1784/1830/1784 1587/1755/1587 1566/1731/1566
f 1566/1731/1566 1584/1750/1584 1784/1830/1784
f 1565/1729/1565 1585/1751/1585 1734/1752/1734
f 1734/1752/1734 1582/1748/1582 1565/1729/1565
f 1586/1754/1586 1567/1732/1567 1735/1753/1735
f 1566/1731/1566 1587/1755/1587 1588/1756/1588
f 1588/1756/1588 1534/1730/1534 1566/1731/1566
f 1571/1757/1571 1580/1746/1580 1609/1786/1609
f 1609/1786/1609 1568/1845/1568 1571/1757/1571
f 1572/1839/1572 1632/1840/1632 1784/1830/1784
f 1784/1830/1784 1584/1750/1584 1572/1839/1572
f 1589/1760/1589 1572/1839/1572 1584/1750/1584
f 1584/1750/1584 1583/1749/1583 1589/1760/1589
f 1589/1760/1589 1583/1749/1583 1582/1748/1582
f 1734/1752/1734 1739/1761/1739 1589/1760/1589
f 1589/1760/1589 1582/1748/1582 1734/1752/1734
f 1590/1762/1590 1591/1763/1591 1742/1764/1742
f 1742/1764/1742 1743/1765/1743 1590/1762/1590
f 1592/1766/1592 1593/1767/1593 1574/1740/1574
f 1574/1740/1574 1573/1739/1573 1592/1766/1592
f 1592/1766/1592 1590/1762/1590 1597/1771/1597
f 1597/1771/1597 1594/1768/1594 1592/1766/1592
f 1594/1768/1594 1576/1742/1576 1593/1767/1593
f 1593/1767/1593 1592/1766/1592 1594/1768/1594
f 1596/1770/1596 1762/1791/1762 1833/2062/1833
f 1595/1769/1595 1596/1770/1596 1833/2062/1833
f 1575/1741/1575 1595/1769/1595 1833/2062/1833
f 1590/1762/1590 1743/1765/1743 1596/1772/1596
f 1597/1771/1597 1590/1762/1590 1596/1772/1596
f 1597/1771/1597 1596/1772/1596 1595/1773/1595
f 1589/2067/1589 1739/2068/1739 1598/1774/1598
f 1598/1774/1598 1573/1739/1573 1589/2067/1589
f 1611/1788/1611 1594/1768/1594 1597/1771/1597
f 1597/1771/1597 1599/1775/1599 1611/1788/1611
f 1618/1836/1618 1578/1837/1578 1601/1777/1601
f 1601/1777/1601 1602/1778/1602 1618/1836/1618
f 1603/1779/1603 1595/1769/1595 1575/1741/1575
f 1575/1741/1575 1604/1780/1604 1603/1779/1603
f 1592/1766/1592 1573/1739/1573 1606/1783/1606
f 1606/1783/1606 1591/1763/1591 1592/1766/1592
f 1605/1782/1605 1607/1784/1607 1606/1783/1606
f 1606/1783/1606 1598/1774/1598 1605/1782/1605
f 1606/1783/1606 1573/1739/1573 1598/1774/1598
f 1594/1768/1594 1611/1788/1611 1610/1787/1610
f 1610/1787/1610 1576/1742/1576 1594/1768/1594
f 1600/1776/1600 1616/1835/1616 1615/1834/1615
f 1615/1834/1615 1608/1785/1608 1600/1776/1600
f 1608/1785/1608 1615/1834/1615 1618/1836/1618
f 1618/1836/1618 1602/1778/1602 1608/1785/1608
f 1575/1741/1575 1576/1742/1576 1610/1787/1610
f 1610/1787/1610 1604/1780/1604 1575/1741/1575
f 1595/1773/1595 1603/1789/1603 1599/1775/1599
f 1599/1775/1599 1597/1771/1597 1595/1773/1595
f 1596/1770/1596 1743/1790/1743 1762/1791/1762
f 1612/1794/1612 1613/1795/1613 1611/1788/1611
f 1611/1788/1611 1599/1775/1599 1612/1794/1612
f 1590/1762/1590 1592/1766/1592 1591/1763/1591
f 1593/1767/1593 1833/2062/1833 1574/1740/1574
f 1618/1801/1618 1619/1802/1619 1624/1808/1624
f 1624/1808/1624 1578/1800/1578 1618/1801/1618
f 1617/1799/1617 1615/1797/1615 1616/1798/1616
f 1616/1798/1616 1620/1803/1620 1617/1799/1617
f 1623/1807/1623 1625/1809/1625 1621/1805/1621
f 1621/1805/1621 1579/1804/1579 1623/1807/1623
f 1578/1800/1578 1622/1806/1622 1623/1807/1623
f 1623/1807/1623 1579/1804/1579 1578/1800/1578
f 1624/1808/1624 1622/1806/1622 1578/1800/1578
f 1616/1798/1616 1621/1805/1621 1625/1809/1625
f 1625/1809/1625 1620/1803/1620 1616/1798/1616
f 1620/1812/1620 1624/1813/1624 1619/1814/1619
f 1619/1814/1619 1614/1810/1614 1617/1811/1617
f 1617/1811/1617 1620/1812/1620 1619/1814/1619
f 1624/1813/1624 1620/1812/1620 1625/1815/1625
f 1625/1815/1625 1622/1816/1622 1624/1813/1624
f 1623/1817/1623 1622/1816/1622 1625/1815/1625
f 1615/1797/1615 1617/1799/1617 1614/1796/1614
f 1614/1796/1614 1618/1801/1618 1615/1797/1615
f 1580/1746/1580 1626/1819/1626 1627/1820/1627
f 1627/1820/1627 1581/1747/1581 1580/1746/1580
f 1628/1821/1628 1629/1822/1629 1433/1823/1433
f 1433/1823/1433 1428/1824/1428 1628/1821/1628
f 1630/1825/1630 1628/1821/1628 1428/1824/1428
f 1428/1824/1428 1429/1826/1429 1630/1825/1630
f 1626/1819/1626 1580/1746/1580 1571/1757/1571
f 1571/1757/1571 1630/1827/1630 1626/1819/1626
f 1631/1828/1631 1629/1822/1629 1586/1754/1586
f 1586/1754/1586 1735/1753/1735 1631/1828/1631
f 1762/1791/1762 1763/1792/1763 1833/2062/1833
f 1557/1832/1557 1633/1833/1633 1561/1721/1561
f 1561/1721/1561 1558/1722/1558 1557/1832/1557
f 1535/1693/1535 1540/1698/1540 1560/1720/1560
f 1560/1720/1560 1536/1694/1536 1535/1693/1535
f 1634/1841/1634 1635/1842/1635 1627/1820/1627
f 1627/1820/1627 1626/1819/1626 1634/1841/1634
f 1570/1735/1570 1586/1754/1586 1629/1822/1629
f 1629/1822/1629 1628/1821/1628 1570/1735/1570
f 1571/1736/1571 1570/1735/1570 1628/1821/1628
f 1628/1821/1628 1630/1825/1630 1571/1736/1571
f 1429/1843/1429 1634/1841/1634 1626/1819/1626
f 1626/1819/1626 1630/1827/1630 1429/1843/1429
f 1787/1844/1787 1433/1823/1433 1629/1822/1629
f 1629/1822/1629 1631/1828/1631 1787/1844/1787
f 1610/1787/1610 1637/1847/1637 1636/1846/1636
f 1636/1846/1636 1604/1780/1604 1610/1787/1610
f 1611/1788/1611 1613/1795/1613 1637/1847/1637
f 1637/1847/1637 1610/1787/1610 1611/1788/1611
f 1599/1775/1599 1603/1789/1603 1638/1849/1638
f 1638/1849/1638 1612/1794/1612 1599/1775/1599
f 1603/1779/1603 1604/1780/1604 1636/1846/1636
f 1636/1846/1636 1638/1848/1638 1603/1779/1603
f 1568/1851/1568 1526/1684/1526 1543/1701/1543
f 1543/1701/1543 1569/1850/1569 1568/1851/1568
f 1527/1685/1527 1526/1684/1526 1568/1851/1568
f 1568/1851/1568 1609/1829/1609 1527/1685/1527
f 1742/1764/1742 1591/1763/1591 1606/1783/1606
f 1606/1783/1606 1607/1784/1607 1742/1764/1742
f 1534/1692/1534 1533/1691/1533 1542/1818/1542
f 1639/1852/1639 1536/1853/1536 1560/1854/1560
f 1560/1854/1560 1640/1855/1640 1639/1852/1639
f 1643/2134/1643 1663/2156/1663 1666/2162/1666
f 1666/2162/1666 1641/2132/1641 1643/2134/1643
f 1642/2133/1642 1658/2149/1658 1660/2152/1660
f 1660/2152/1660 1645/2136/1645 1642/2133/1642
f 1646/2137/1646 1835/2186/1835 1664/2160/1664
f 1664/2160/1664 1665/2161/1665 1646/2137/1646
f 1642/2158/1642 1664/2160/1664 1835/2186/1835
f 1835/2186/1835 1659/2151/1659 1658/2150/1658
f 1642/2158/1642 1835/2186/1835 1658/2150/1658
f 1639/2139/1639 1640/2138/1640 1647/2140/1647
f 1835/2186/1835 1646/2137/1646 1639/2139/1639
f 1639/2139/1639 1647/2140/1647 1835/2186/1835
f 1648/2141/1648 1657/2147/1657 1647/2140/1647
f 1647/2140/1647 1640/2138/1640 1648/2141/1648
f 1650/2143/1650 1673/2170/1673 1674/2171/1674
f 1674/2171/1674 1649/2142/1649 1650/2143/1650
f 1651/2188/1651 1652/2144/1652 1671/2184/1671
f 1645/2148/1645 1660/2153/1660 1661/2154/1661
f 1661/2154/1661 1657/2147/1657 1645/2148/1645
f 1671/2178/1671 1655/2180/1655 1670/2181/1670
f 1670/2181/1670 1658/2149/1658 1671/2178/1671
f 1659/2151/1659 1651/2188/1651 1671/2184/1671
f 1671/2184/1671 1658/2150/1658 1659/2151/1659
f 1669/2166/1669 1656/2185/1656 1659/2151/1659
f 1659/2151/1659 1662/2155/1662 1669/2166/1669
f 1660/2153/1660 1670/2167/1670 1668/2165/1668
f 1668/2165/1668 1661/2154/1661 1660/2153/1660
f 1665/2163/1665 1666/2162/1666 1663/2156/1663
f 1663/2156/1663 1646/2157/1646 1665/2163/1665
f 1642/2158/1642 1641/2159/1641 1664/2160/1664
f 1641/2159/1641 1675/2172/1675 1672/2168/1672
f 1672/2168/1672 1664/2160/1664 1641/2159/1641
f 1665/2161/1665 1664/2160/1664 1672/2168/1672
f 1672/2168/1672 1676/2173/1676 1665/2161/1665
f 1665/2163/1665 1676/2174/1676 1667/2164/1667
f 1667/2164/1667 1666/2162/1666 1665/2163/1665
f 1661/2154/1661 1668/2165/1668 1669/2166/1669
f 1669/2166/1669 1662/2155/1662 1661/2154/1661
f 1653/2187/1653 1652/2145/1652 1651/2188/1651
f 1651/2188/1651 1654/2190/1654 1653/2187/1653
f 1655/2146/1655 1669/2166/1669 1668/2165/1668
f 1668/2165/1668 1670/2167/1670 1655/2146/1655
f 1666/2162/1666 1667/2164/1667 1675/2175/1675
f 1675/2175/1675 1641/2132/1641 1666/2162/1666
f 1673/2169/1673 1650/2177/1650 1676/2173/1676
f 1676/2173/1676 1672/2168/1672 1673/2169/1673
f 1649/2142/1649 1674/2171/1674 1675/2175/1675
f 1675/2175/1675 1667/2164/1667 1649/2142/1649
f 1674/2176/1674 1673/2169/1673 1672/2168/1672
f 1672/2168/1672 1675/2172/1675 1674/2176/1674
f 1650/2143/1650 1649/2142/1649 1667/2164/1667
f 1667/2164/1667 1676/2174/1676 1650/2143/1650
f 1633/1857/1633 1644/1858/1644 1648/1861/1648
f 1648/1861/1648 1559/1856/1559 1633/1857/1633
f 1646/1860/1646 1663/1864/1663 1556/1863/1556
f 1556/1863/1556 1537/1859/1537 1646/1860/1646
f 1557/1862/1557 1556/1863/1556 1663/1864/1663
f 1663/1864/1663 1643/1865/1643 1557/1862/1557
f 1560/1854/1560 1559/1856/1559 1648/1861/1648
f 1648/1861/1648 1640/1855/1640 1560/1854/1560
f 1644/1858/1644 1633/1857/1633 1557/1866/1557
f 1557/1866/1557 1643/2066/1643 1644/1858/1644
f 1612/1867/1612 1577/1743/1577 1600/1776/1600
f 1600/1776/1600 1613/1868/1613 1612/1867/1612
f 1637/1869/1637 1613/1868/1613 1600/1776/1600
f 1600/1776/1600 1608/1785/1608 1637/1869/1637
f 1602/1778/1602 1636/1870/1636 1637/1869/1637
f 1637/1869/1637 1608/1785/1608 1602/1778/1602
f 1638/1871/1638 1636/1870/1636 1602/1778/1602
f 1602/1778/1602 1601/1777/1601 1638/1871/1638
f 1577/1743/1577 1612/1867/1612 1638/1872/1638
f 1638/1872/1638 1601/1781/1601 1577/1743/1577
f 1655/2146/1655 1653/2183/1653 1654/2190/1654
f 1654/2190/1654 1656/2185/1656 1655/2146/1655
f 1536/1853/1536 1639/1852/1639 1646/1860/1646
f 1646/1860/1646 1537/1859/1537 1536/1853/1536
f 1677/1873/1677 1680/1876/1680 1679/1875/1679
f 1679/1875/1679 1678/1874/1678 1677/1873/1677
f 1684/1880/1684 1683/1879/1683 1698/1894/1698
f 1698/1894/1698 1681/1877/1681 1684/1880/1684
f 1696/1892/1696 1695/1891/1695 1692/1888/1692
f 1692/1888/1692 1679/1875/1679 1696/1892/1696
f 1684/1880/1684 1693/2007/1693 1682/1878/1682
f 1682/1878/1682 1683/1879/1683 1684/1880/1684
f 1684/1880/1684 1694/1890/1694 1719/2039/1719
f 1719/2039/1719 1685/1881/1685 1684/1880/1684
f 1686/1882/1686 1689/1885/1689 1688/1884/1688
f 1688/1884/1688 1687/1883/1687 1686/1882/1686
f 1702/1898/1702 1691/1887/1691 1712/1910/1712
f 1712/1910/1712 1690/1886/1690 1702/1898/1702
f 1702/1898/1702 1704/1900/1704 1686/1882/1686
f 1686/1882/1686 1691/1887/1691 1702/1898/1702
f 1704/1900/1704 1698/1894/1698 1689/1885/1689
f 1689/1885/1689 1686/1882/1686 1704/1900/1704
f 1681/1877/1681 1698/1894/1698 1697/1893/1697
f 1697/1893/1697 1680/1876/1680 1681/1877/1681
f 1693/1889/1693 1692/1888/1692 1695/1891/1695
f 1695/1891/1695 1682/1913/1682 1693/1889/1693
f 1697/1893/1697 1696/1892/1696 1679/1875/1679
f 1679/1875/1679 1680/1876/1680 1697/1893/1697
f 1681/1877/1681 1694/1890/1694 1684/1880/1684
f 1699/1895/1699 1701/1897/1701 1690/1886/1690
f 1690/1886/1690 1700/1896/1700 1699/1895/1699
f 1701/1897/1701 1703/1899/1703 1702/1898/1702
f 1702/1898/1702 1690/1886/1690 1701/1897/1701
f 1702/1898/1702 1703/1899/1703 1705/1901/1705
f 1705/1901/1705 1704/1900/1704 1702/1898/1702
f 1705/1901/1705 1698/1894/1698 1704/1900/1704
f 1700/1902/1700 1683/1879/1683 1699/1903/1699
f 1706/1904/1706 1709/1907/1709 1708/1906/1708
f 1708/1906/1708 1707/1905/1707 1706/1904/1706
f 1691/1887/1691 1711/1909/1711 1710/1908/1710
f 1710/1908/1710 1785/2022/1785 1712/1910/1712
f 1691/1887/1691 1710/1908/1710 1712/1910/1712
f 1689/1885/1689 1706/1904/1706 1707/1905/1707
f 1707/1905/1707 1688/1884/1688 1689/1885/1689
f 1698/1894/1698 1683/1879/1683 1706/1904/1706
f 1706/1904/1706 1689/1885/1689 1698/1894/1698
f 1709/1907/1709 1706/1904/1706 1683/1879/1683
f 1683/1879/1683 1700/1902/1700 1709/1907/1709
f 1709/1911/1709 1700/1896/1700 1690/1886/1690
f 1690/1886/1690 1712/1910/1712 1709/1911/1709
f 1677/1873/1677 1694/1890/1694 1681/1877/1681
f 1681/1877/1681 1680/1876/1680 1677/1873/1677
f 1695/1891/1695 1701/1897/1701 1699/1895/1699
f 1699/1895/1699 1682/1913/1682 1695/1891/1695
f 1701/1897/1701 1695/1891/1695 1696/1892/1696
f 1696/1892/1696 1703/1899/1703 1701/1897/1701
f 1705/1901/1705 1703/1899/1703 1696/1892/1696
f 1696/1892/1696 1697/1893/1697 1705/1901/1705
f 1697/1893/1697 1698/1894/1698 1705/1901/1705
f 1683/1879/1683 1682/1878/1682 1699/1903/1699
f 1692/1888/1692 1714/1914/1714 1713/1912/1713
f 1713/1912/1713 1679/1875/1679 1692/1888/1692
f 1715/1915/1715 1716/1918/1716 1692/1917/1692
f 1692/1917/1692 1693/1916/1693 1715/1915/1715
f 1685/1919/1685 1717/1920/1717 1715/1915/1715
f 1715/1915/1715 1693/1916/1693 1685/1919/1685
f 1588/1945/1588 1685/1919/1685 1719/1923/1719
f 1719/1923/1719 1567/1921/1567 1588/1945/1588
f 1716/1918/1716 1714/1926/1714 1692/1917/1692
f 1585/1940/1585 1737/1948/1737 1714/1926/1714
f 1714/1926/1714 1716/1918/1716 1585/1940/1585
f 1722/1927/1722 1724/1929/1724 1723/1928/1723
f 1745/1956/1745 1834/2063/1834 1725/1930/1725
f 1725/1930/1725 1726/1931/1726 1745/1956/1745
f 1727/1932/1727 1752/1965/1752 1774/2027/1774
f 1774/2027/1774 1729/1934/1729 1727/1932/1727
f 1753/1970/1753 1727/1932/1727 1729/1934/1729
f 1729/1934/1729 1728/1933/1728 1753/1970/1753
f 1730/1935/1730 1759/1975/1759 1737/1948/1737
f 1737/1948/1737 1581/1936/1581 1730/1935/1730
f 1715/1915/1715 1732/1938/1732 1731/1937/1731
f 1731/1937/1731 1716/1918/1716 1715/1915/1715
f 1732/1938/1732 1715/1915/1715 1717/1920/1717
f 1717/1920/1717 1733/1939/1733 1732/1938/1732
f 1717/1920/1717 1587/1944/1587 1784/2019/1784
f 1784/2019/1784 1733/1939/1733 1717/1920/1717
f 1716/1918/1716 1731/1937/1731 1734/1941/1734
f 1734/1941/1734 1585/1940/1585 1716/1918/1716
f 1736/1943/1736 1567/1921/1567 1719/1923/1719
f 1719/1923/1719 1720/1924/1720 1736/1943/1736
f 1717/1920/1717 1685/1919/1685 1588/1945/1588
f 1588/1945/1588 1587/1944/1587 1717/1920/1717
f 1721/1946/1721 1718/2034/1718 1759/1975/1759
f 1759/1975/1759 1730/1935/1730 1721/1946/1721
f 1784/2019/1784 1632/2029/1632 1722/2028/1722
f 1722/2028/1722 1733/1939/1733 1784/2019/1784
f 1738/1949/1738 1732/1938/1732 1733/1939/1733
f 1733/1939/1733 1722/2028/1722 1738/1949/1738
f 1738/1949/1738 1731/1937/1731 1732/1938/1732
f 1738/1949/1738 1739/1950/1739 1734/1941/1734
f 1734/1941/1734 1731/1937/1731 1738/1949/1738
f 1740/1951/1740 1743/1954/1743 1742/1953/1742
f 1742/1953/1742 1741/1952/1741 1740/1951/1740
f 1739/2068/1739 1750/1963/1750 1605/1971/1605
f 1744/1955/1744 1723/1928/1723 1724/1929/1724
f 1724/1929/1724 1745/1956/1745 1744/1955/1744
f 1749/1960/1749 1740/1951/1740 1744/1955/1744
f 1744/1955/1744 1746/1957/1746 1749/1960/1749
f 1746/1957/1746 1744/1955/1744 1745/1956/1745
f 1745/1956/1745 1726/1931/1726 1746/1957/1746
f 1834/2063/1834 1762/1980/1762 1748/1959/1748
f 1834/2063/1834 1748/1959/1748 1747/1958/1747
f 1834/2063/1834 1747/1958/1747 1725/1930/1725
f 1749/1960/1749 1747/1962/1747 1748/1961/1748
f 1748/1961/1748 1743/1954/1743 1740/1951/1740
f 1749/1960/1749 1748/1961/1748 1740/1951/1740
f 1749/1960/1749 1746/1957/1746 1761/1977/1761
f 1761/1977/1761 1751/1964/1751 1749/1960/1749
f 1753/1966/1753 1728/2026/1728 1771/2025/1771
f 1771/2025/1771 1754/1967/1754 1753/1966/1753
f 1725/1930/1725 1747/1958/1747 1755/1968/1755
f 1755/1968/1755 1756/1969/1756 1725/1930/1725
f 1757/1972/1757 1723/1928/1723 1744/1955/1744
f 1744/1955/1744 1741/1952/1741 1757/1972/1757
f 1605/1971/1605 1750/1963/1750 1757/1972/1757
f 1757/1972/1757 1607/1973/1607 1605/1971/1605
f 1757/1972/1757 1750/1963/1750 1723/1928/1723
f 1746/1957/1746 1726/1931/1726 1760/1976/1760
f 1760/1976/1760 1761/1977/1761 1746/1957/1746
f 1752/1965/1752 1769/2024/1769 1774/2027/1774
f 1758/1974/1758 1754/1967/1754 1771/2025/1771
f 1771/2025/1771 1768/2023/1768 1758/1974/1758
f 1760/1976/1760 1726/1931/1726 1725/1930/1725
f 1725/1930/1725 1756/1969/1756 1760/1976/1760
f 1747/1962/1747 1749/1960/1749 1751/1964/1751
f 1751/1964/1751 1755/1978/1755 1747/1962/1747
f 1748/1959/1748 1762/1980/1762 1743/1979/1743
f 1765/1983/1765 1751/1964/1751 1761/1977/1761
f 1761/1977/1761 1766/1984/1766 1765/1983/1765
f 1740/1951/1740 1741/1952/1741 1744/1955/1744
f 1745/1956/1745 1724/1929/1724 1834/2063/1834
f 1769/1987/1769 1768/1986/1768 1770/1988/1770
f 1770/1988/1770 1773/1992/1773 1769/1987/1769
f 1774/1994/1774 1778/1998/1778 1776/1996/1776
f 1776/1996/1776 1729/1993/1729 1774/1994/1774
f 1776/1996/1776 1775/1995/1775 1728/1989/1728
f 1728/1989/1728 1729/1993/1729 1776/1996/1776
f 1777/1997/1777 1772/1991/1772 1771/1990/1771
f 1771/1990/1771 1728/1989/1728 1777/1997/1777
f 1777/1997/1777 1728/1989/1728 1775/1995/1775
f 1778/1998/1778 1774/1994/1774 1769/1987/1769
f 1769/1987/1769 1773/1992/1773 1778/1998/1778
f 1773/2001/1773 1772/2003/1772 1777/2002/1777
f 1772/2003/1772 1773/2001/1773 1770/2000/1770
f 1770/2000/1770 1767/1999/1767 1772/2003/1772
f 1777/2002/1777 1775/2005/1775 1778/2004/1778
f 1778/2004/1778 1773/2001/1773 1777/2002/1777
f 1778/2004/1778 1775/2005/1775 1776/2006/1776
f 1767/1985/1767 1770/1988/1770 1768/1986/1768
f 1768/1986/1768 1771/1990/1771 1767/1985/1767
f 1730/1935/1730 1581/1936/1581 1627/2009/1627
f 1627/2009/1627 1779/2008/1779 1730/1935/1730
f 1780/2010/1780 1481/2013/1481 1782/2012/1782
f 1782/2012/1782 1781/2011/1781 1780/2010/1780
f 1783/2014/1783 1483/2015/1483 1481/2013/1481
f 1481/2013/1481 1780/2010/1780 1783/2014/1783
f 1779/2008/1779 1783/2016/1783 1721/1946/1721
f 1721/1946/1721 1730/1935/1730 1779/2008/1779
f 1631/2017/1631 1735/1942/1735 1736/1943/1736
f 1736/1943/1736 1781/2011/1781 1631/2017/1631
f 1713/1912/1713 1759/2018/1759 1678/1874/1678
f 1762/1980/1762 1834/2063/1834 1763/1981/1763
f 1708/2021/1708 1709/1911/1709 1712/1910/1712
f 1712/1910/1712 1785/2022/1785 1708/2021/1708
f 1686/1882/1686 1687/1883/1687 1711/1909/1711
f 1711/1909/1711 1691/1887/1691 1686/1882/1686
f 1786/2030/1786 1779/2008/1779 1627/2009/1627
f 1627/2009/1627 1635/2031/1635 1786/2030/1786
f 1720/1924/1720 1780/2010/1780 1781/2011/1781
f 1781/2011/1781 1736/1943/1736 1720/1924/1720
f 1721/1925/1721 1783/2014/1783 1780/2010/1780
f 1780/2010/1780 1720/1924/1720 1721/1925/1721
f 1483/2032/1483 1783/2016/1783 1779/2008/1779
f 1779/2008/1779 1786/2030/1786 1483/2032/1483
f 1787/2033/1787 1631/2017/1631 1781/2011/1781
f 1781/2011/1781 1782/2012/1782 1787/2033/1787
f 1788/2035/1788 1789/2036/1789 1760/1976/1760
f 1760/1976/1760 1756/1969/1756 1788/2035/1788
f 1789/2036/1789 1766/1984/1766 1761/1977/1761
f 1761/1977/1761 1760/1976/1760 1789/2036/1789
f 1790/2038/1790 1755/1978/1755 1751/1964/1751
f 1751/1964/1751 1765/1983/1765 1790/2038/1790
f 1755/1968/1755 1790/2037/1790 1788/2035/1788
f 1788/2035/1788 1756/1969/1756 1755/1968/1755
f 1718/2040/1718 1719/2039/1719 1694/1890/1694
f 1694/1890/1694 1677/1873/1677 1718/2040/1718
f 1678/1874/1678 1759/2018/1759 1718/2040/1718
f 1718/2040/1718 1677/1873/1677 1678/1874/1678
f 1742/1953/1742 1607/1973/1607 1757/1972/1757
f 1757/1972/1757 1741/1952/1741 1742/1953/1742
f 1685/1881/1685 1693/2007/1693 1684/1880/1684
f 1711/2043/1711 1791/2041/1791 1801/2050/1801
f 1801/2050/1801 1710/2045/1710 1711/2043/1711
f 1824/2108/1824 1821/2102/1821 1794/2071/1794
f 1792/2069/1792 1824/2108/1824 1794/2071/1794
f 1792/2069/1792 1794/2071/1794 1793/2070/1793
f 1795/2072/1795 1796/2073/1796 1797/2074/1797
f 1794/2071/1794 1795/2072/1795 1797/2074/1797
f 1794/2071/1794 1797/2074/1797 1793/2070/1793
f 1817/2096/1817 1811/2089/1811 1793/2070/1793
f 1793/2070/1793 1797/2074/1797 1817/2096/1817
f 1800/2078/1800 1810/2086/1810 1801/2079/1801
f 1801/2079/1801 1791/2077/1791 1800/2078/1800
f 1800/2078/1800 1815/2130/1815 1818/2098/1818
f 1818/2098/1818 1810/2086/1810 1800/2078/1800
f 1803/2081/1803 1802/2080/1802 1830/2116/1830
f 1830/2116/1830 1829/2115/1829 1803/2081/1803
f 1804/2131/1804 1805/2082/1805 1814/2094/1814
f 1814/2094/1814 1812/2092/1812 1804/2131/1804
f 1806/2129/1806 1807/2083/1807 1805/2082/1805
f 1805/2082/1805 1804/2128/1804 1806/2129/1806
f 1806/2127/1806 1808/2084/1808 1809/2085/1809
f 1809/2085/1809 1807/2083/1807 1806/2127/1806
f 1797/2087/1797 1810/2086/1810 1818/2098/1818
f 1818/2098/1818 1817/2097/1817 1797/2087/1797
f 1796/2088/1796 1801/2079/1801 1810/2086/1810
f 1810/2086/1810 1797/2087/1797 1796/2088/1796
f 1813/2093/1813 1799/2076/1799 1793/2104/1793
f 1793/2104/1793 1811/2090/1811 1813/2093/1813
f 1812/2091/1812 1811/2089/1811 1817/2096/1817
f 1819/2099/1819 1827/2125/1827 1808/2124/1808
f 1817/2096/1817 1819/2099/1819 1808/2124/1808
f 1812/2091/1812 1817/2096/1817 1808/2124/1808
f 1814/2094/1814 1813/2093/1813 1811/2090/1811
f 1811/2090/1811 1812/2092/1812 1814/2094/1814
f 1816/2095/1816 1820/2101/1820 1818/2098/1818
f 1818/2098/1818 1815/2130/1815 1816/2095/1816
f 1820/2101/1820 1819/2100/1819 1817/2097/1817
f 1817/2097/1817 1818/2098/1818 1820/2101/1820
f 1821/2102/1821 1824/2108/1824 1823/2109/1823
f 1823/2109/1823 1798/2103/1798 1821/2102/1821
f 1793/2104/1793 1822/2106/1822 1792/2105/1792
f 1799/2076/1799 1798/2075/1798 1823/2107/1823
f 1799/2076/1799 1823/2107/1823 1822/2106/1822
f 1799/2076/1799 1822/2106/1822 1793/2104/1793
f 1802/2080/1802 1825/2110/1825 1831/2120/1831
f 1831/2120/1831 1830/2116/1830 1802/2080/1802
f 1828/2113/1828 1831/2117/1831 1792/2105/1792
f 1792/2105/1792 1822/2106/1822 1828/2113/1828
f 1823/2107/1823 1832/2118/1832 1828/2113/1828
f 1828/2113/1828 1822/2106/1822 1823/2107/1823
f 1825/2110/1825 1832/2119/1832 1823/2109/1823
f 1823/2109/1823 1824/2108/1824 1825/2110/1825
f 1799/2076/1799 1800/2078/1800 1791/2077/1791
f 1791/2077/1791 1798/2075/1798 1799/2076/1799
f 1814/2094/1814 1816/2095/1816 1815/2130/1815
f 1815/2130/1815 1813/2093/1813 1814/2094/1814
f 1809/2085/1809 1816/2095/1816 1807/2083/1807
f 1809/2085/1809 1808/2084/1808 1827/2112/1827
f 1827/2112/1827 1826/2111/1826 1809/2085/1809
f 1824/2108/1824 1792/2069/1792 1831/2120/1831
f 1831/2120/1831 1825/2110/1825 1824/2108/1824
f 1829/2114/1829 1828/2113/1828 1832/2118/1832
f 1832/2118/1832 1803/2122/1803 1829/2114/1829
f 1830/2121/1830 1831/2117/1831 1828/2113/1828
f 1828/2113/1828 1829/2114/1829 1830/2121/1830
f 1803/2081/1803 1832/2119/1832 1825/2110/1825
f 1825/2110/1825 1802/2080/1802 1803/2081/1803
f 1808/2124/1808 1806/2126/1806 1804/2123/1804
f 1804/2123/1804 1812/2091/1812 1808/2124/1808
f 1809/2085/1809 1826/2111/1826 1820/2101/1820
f 1820/2101/1820 1816/2095/1816 1809/2085/1809
f 1827/2112/1827 1819/2100/1819 1820/2101/1820
f 1820/2101/1820 1826/2111/1826 1827/2112/1827
f 1796/2044/1796 1795/2047/1795 1785/2046/1785
f 1785/2046/1785 1710/2045/1710 1796/2044/1796
f 1707/2052/1707 1821/2053/1821 1798/2049/1798
f 1798/2049/1798 1688/2048/1688 1707/2052/1707
f 1710/2045/1710 1801/2050/1801 1796/2044/1796
f 1708/2051/1708 1794/2054/1794 1821/2053/1821
f 1821/2053/1821 1707/2052/1707 1708/2051/1708
f 1708/2055/1708 1785/2046/1785 1795/2047/1795
f 1795/2047/1795 1794/2065/1794 1708/2055/1708
f 1765/2056/1765 1766/2057/1766 1752/1965/1752
f 1752/1965/1752 1727/1932/1727 1765/2056/1765
f 1789/2058/1789 1758/1974/1758 1752/1965/1752
f 1752/1965/1752 1766/2057/1766 1789/2058/1789
f 1754/1967/1754 1758/1974/1758 1789/2058/1789
f 1789/2058/1789 1788/2059/1788 1754/1967/1754
f 1790/2060/1790 1753/1966/1753 1754/1967/1754
f 1754/1967/1754 1788/2059/1788 1790/2060/1790
f 1727/1932/1727 1753/1970/1753 1790/2061/1790
f 1790/2061/1790 1765/2056/1765 1727/1932/1727
f 1687/2042/1687 1688/2048/1688 1798/2049/1798
f 1798/2049/1798 1791/2041/1791 1687/2042/1687
f 1562/1723/1562 1527/1685/1527 1609/1829/1609
f 1764/1982/1764 1763/1981/1763 1834/2063/1834
f 1834/2063/1834 1724/1929/1724 1764/1982/1764
f 1833/2062/1833 1763/1792/1763 1764/1793/1764
f 1764/1793/1764 1574/1740/1574 1833/2062/1833
f 1807/2083/1807 1816/2095/1816 1814/2094/1814
f 1814/2094/1814 1805/2082/1805 1807/2083/1807
f 1800/2078/1800 1799/2076/1799 1813/2093/1813
f 1813/2093/1813 1815/2130/1815 1800/2078/1800
f 1632/2020/1632 1764/1982/1764 1724/1929/1724
f 1724/1929/1724 1722/1927/1722 1632/2020/1632
f 1572/1738/1572 1573/1739/1573 1574/1740/1574
f 1772/1991/1772 1767/1985/1767 1771/1990/1771
f 1618/1801/1618 1614/1796/1614 1619/1802/1619
f 1600/1776/1600 1621/1838/1621 1616/1835/1616
f 1752/1965/1752 1758/1974/1758 1768/2023/1768
f 1768/2023/1768 1769/2024/1769 1752/1965/1752
f 1711/2043/1711 1687/2042/1687 1791/2041/1791
f 1662/2155/1662 1659/2151/1659 1835/2186/1835
f 1835/2186/1835 1647/2140/1647 1662/2155/1662
f 1647/2140/1647 1657/2147/1657 1661/2154/1661
f 1661/2154/1661 1662/2155/1662 1647/2140/1647
f 1670/2181/1670 1660/2152/1660 1658/2149/1658
f 1645/2148/1645 1657/2147/1657 1648/2141/1648
f 1648/2141/1648 1644/2189/1644 1645/2148/1645
f 1641/2132/1641 1642/2133/1642 1645/2136/1645
f 1645/2136/1645 1644/2135/1644 1641/2132/1641
f 1540/1698/1540 1561/1721/1561 1559/1719/1559
f 1561/1721/1561 1633/1833/1633 1559/1719/1559
f 1641/2132/1641 1644/2135/1644 1643/2134/1643
f 1656/2185/1656 1654/2190/1654 1651/2188/1651
f 1651/2188/1651 1659/2151/1659 1656/2185/1656
f 1655/2146/1655 1656/2185/1656 1669/2166/1669
f 1652/2179/1652 1653/2182/1653 1655/2180/1655
f 1655/2180/1655 1671/2178/1671 1652/2179/1652
f 1494/1632/1494 1495/1633/1495 1431/1618/1431
f 1431/1618/1431 1417/1648/1417 1494/1632/1494
f 1417/1576/1417 1431/1550/1431 1448/1566/1448
f 1448/1566/1448 1466/1588/1466 1417/1576/1417
f 1443/1561/1443 1418/1600/1418 1476/1609/1476
f 1476/1679/1476 1418/1631/1418 1486/1623/1486
f 1316/1430/1316 1313/1429/1313 1310/1426/1310
f 1374/1506/1374 1313/1429/1313 1316/1430/1316
f 1364/1485/1364 1365/1486/1365 1362/1483/1362
f 1288/1388/1288 1293/1393/1293 1291/1391/1291
f 1563/1737/1563 1562/1758/1562 1609/1786/1609
f 1609/1786/1609 1737/1759/1737 1563/1737/1563
f 1759/1975/1759 1713/1947/1713 1714/1926/1714
f 1714/1926/1714 1737/1948/1737 1759/1975/1759
f 1713/1912/1713 1678/1874/1678 1679/1875/1679
f 1528/1686/1528 1527/1685/1527 1562/1723/1562
f 1719/1923/1719 1718/1922/1718 1721/1925/1721
f 1721/1925/1721 1720/1924/1720 1719/1923/1719
f 1736/1943/1736 1735/1942/1735 1567/1921/1567
f 1586/1754/1586 1570/1735/1570 1569/1734/1569
f 1569/1734/1569 1567/1732/1567 1586/1754/1586
f 1571/1736/1571 1568/1733/1568 1569/1734/1569
f 1569/1734/1569 1570/1735/1570 1571/1736/1571
f 1750/1963/1750 1739/2068/1739 1738/2064/1738
f 1738/2064/1738 1723/1928/1723 1750/1963/1750
f 1739/2068/1739 1605/1782/1605 1598/1774/1598
f 1573/1739/1573 1572/1738/1572 1589/2067/1589
f 1738/2064/1738 1722/1927/1722 1723/1928/1723
